relative_path,absolute_path,role,note,bytes,sha256,status,rows_or_records,columns
data/processed/rutting_master_v31.csv,C:\Users\zianyy\Desktop\final\project\data\processed\rutting_master_v31.csv,canonical_master,Canonical 2016-2021 exposure panel used by generator and predictors,572308,6d636de7688b269c3e58d0b3267795e924be36810abd4de5ee436d9997d3ed5f,OK,2793,34
data/raw/legacy_generate_dataset.py,C:\Users\zianyy\Desktop\final\project\data\raw\legacy_generate_dataset.py,legacy_code,Legacy data-generation script; not the current master-data entry,6652,ff67ea1627d0e6440d34d522fef659135ca413828b266ad2fc55055a3bfd02fb,OK,,
data/raw/ruttingData_Final_Corrected.xlsx,C:\Users\zianyy\Desktop\final\project\data\raw\ruttingData_Final_Corrected.xlsx,legacy_source,Legacy long-form workbook; not read by the current Stage-01 pipeline,174752,8b21e8d9b1d64e786a82577eb5be83f2387d0c133a999e20ac158a9ae11f05d0,OK,2754,21
data/raw/足尺环道车辙数据.xlsx,C:\Users\zianyy\Desktop\final\project\data\raw\足尺环道车辙数据.xlsx,raw_source,Current Stage-01 source workbook,39841,b59a7e8501f3daea68198bf17e00f3a31b6131de729846f2df1f56330f379fbe,OK,149,24
data/v31_qwen/dev_windows.csv,C:\Users\zianyy\Desktop\final\project\data\v31_qwen\dev_windows.csv,generator_validation_audit,Chronological Qwen state-transition data,191636,8f09c059ab7ca7457e16938869a7ce7878327e0bb1b3a387facf757c31245ecc,OK,278,84
data/v31_qwen/holdout_windows.csv,C:\Users\zianyy\Desktop\final\project\data\v31_qwen\holdout_windows.csv,generator_holdout_audit,Chronological Qwen state-transition data,190986,1f164038c01c9a87317e1dd3ed93bd652cb8481ea3c2174d368a8cd0c5bddd9d,OK,277,84
data/v31_qwen/qwen_chronological_manifest.json,C:\Users\zianyy\Desktop\final\project\data\v31_qwen\qwen_chronological_manifest.json,generator_split_manifest,Chronological Qwen state-transition data,541,48ccbf02b14dbd688fb3738359525086ce1cc94676e099914f5a8c0d1f21aff5,OK,1,
data/v31_qwen/qwen_dev_2018.jsonl,C:\Users\zianyy\Desktop\final\project\data\v31_qwen\qwen_dev_2018.jsonl,generator_validation,Chronological Qwen state-transition data,676233,633cec2fffb40488a253a37206a8990885629c31a5b6516860eaf5dbf2a88fe5,OK,278,
data/v31_qwen/qwen_holdout_2019.jsonl,C:\Users\zianyy\Desktop\final\project\data\v31_qwen\qwen_holdout_2019.jsonl,generator_holdout_generation_target,Chronological Qwen state-transition data,672186,02af5f58e3c81b823f81c6ae75fbb224600dd985438497a4ff85be4cdf52aff6,OK,277,
data/v31_qwen/qwen_refit_2016_2018.jsonl,C:\Users\zianyy\Desktop\final\project\data\v31_qwen\qwen_refit_2016_2018.jsonl,generator_final_refit,Chronological Qwen state-transition data,1629277,763b0fe304eff2d351526767fcdf891e71c5ccedc12acc76f692b37fd5da6344,OK,676,
data/v31_qwen/qwen_train_2016_2017.jsonl,C:\Users\zianyy\Desktop\final\project\data\v31_qwen\qwen_train_2016_2017.jsonl,generator_train,Chronological Qwen state-transition data,731046,57367541cb50ad9fa3ddc85579e2b887c447f8a5f623eeb3dc6e2df09739df2d,OK,304,
data/v31_qwen/refit_windows.csv,C:\Users\zianyy\Desktop\final\project\data\v31_qwen\refit_windows.csv,generator_final_refit_audit,Chronological Qwen state-transition data,448861,57dea5f2ad6d16cb1079ff29eaeaeab25cbe59425abeb4144ca2c690c9fe7086,OK,676,84
data/v31_qwen/train_windows.csv,C:\Users\zianyy\Desktop\final\project\data\v31_qwen\train_windows.csv,generator_train_audit,Chronological Qwen state-transition data,200863,ecad50e9dd7037aad82a770be995c8b779f29714975efea2cb08d7ac06d531e5,OK,304,84
data/v31_updates/qwen_Q025_A1.csv,C:\Users\zianyy\Desktop\final\project\data\v31_updates\qwen_Q025_A1.csv,synthetic_update,Qwen/TimeGAN/TimeWeaver experimental update pool (downstream_update_rows),78757,ea3ba32168706eefe540aa42d2df69a0635b8b817d5f298215ebea23a5977b4e,OK,378,35
data/v31_updates/qwen_Q025_A1_states.csv,C:\Users\zianyy\Desktop\final\project\data\v31_updates\qwen_Q025_A1_states.csv,synthetic_update,Qwen/TimeGAN/TimeWeaver experimental update pool (state_trajectory),14197,999cb1db398df1a0d43d9e70b26f0049635ce9feacb0cebde7994bc9e982bf04,OK,380,6
data/v31_updates/qwen_Q025_A2.csv,C:\Users\zianyy\Desktop\final\project\data\v31_updates\qwen_Q025_A2.csv,synthetic_update,Qwen/TimeGAN/TimeWeaver experimental update pool (downstream_update_rows),78609,14107174b9326a57ba2be5360ece925e54366c6c31023a06efb2018b3d6e6927,OK,378,35
data/v31_updates/qwen_Q025_A2_states.csv,C:\Users\zianyy\Desktop\final\project\data\v31_updates\qwen_Q025_A2_states.csv,synthetic_update,Qwen/TimeGAN/TimeWeaver experimental update pool (state_trajectory),14138,8da101519c27036f4522140350fbd8fe565f4bcccb6249b8f395690d9b2d6f83,OK,380,6
data/v31_updates/qwen_Q025_A3.csv,C:\Users\zianyy\Desktop\final\project\data\v31_updates\qwen_Q025_A3.csv,synthetic_update,Qwen/TimeGAN/TimeWeaver experimental update pool (downstream_update_rows),79315,4a7b0405999110e3a0772963faf527d57bc83a994c4dca06890cc5b6d352c83b,OK,378,35
data/v31_updates/qwen_Q025_A3_states.csv,C:\Users\zianyy\Desktop\final\project\data\v31_updates\qwen_Q025_A3_states.csv,synthetic_update,Qwen/TimeGAN/TimeWeaver experimental update pool (state_trajectory),14378,ff53fd96c38dbf641cbccda57babd3803b870b98e0e447294f24cb6c595079cd,OK,380,6
data/v31_updates/qwen_Q025_A4.csv,C:\Users\zianyy\Desktop\final\project\data\v31_updates\qwen_Q025_A4.csv,synthetic_update,Qwen/TimeGAN/TimeWeaver experimental update pool (downstream_update_rows),78963,e4adb9d5fe20100209f5aa7535dc15dc32ffb23c72f284922982c3ccf56516c2,OK,378,35
data/v31_updates/qwen_Q025_A4_states.csv,C:\Users\zianyy\Desktop\final\project\data\v31_updates\qwen_Q025_A4_states.csv,synthetic_update,Qwen/TimeGAN/TimeWeaver experimental update pool (state_trajectory),14251,5357c003e06c6b209a4923ce785b406d62da8e1e4bc06cdeef7eda5e6e512eb6,OK,380,6
data/v31_updates/qwen_Q025_A5.csv,C:\Users\zianyy\Desktop\final\project\data\v31_updates\qwen_Q025_A5.csv,synthetic_update,Qwen/TimeGAN/TimeWeaver experimental update pool (downstream_update_rows),79176,837d7c6d74acdd405d34721d1c03a4721e8f56a45ca48a60176e23a3d70e2e13,OK,378,35
data/v31_updates/qwen_Q025_A5_states.csv,C:\Users\zianyy\Desktop\final\project\data\v31_updates\qwen_Q025_A5_states.csv,synthetic_update,Qwen/TimeGAN/TimeWeaver experimental update pool (state_trajectory),14244,11fa743f965d114508413c26f1cf0af4a05b1436d7b37d7239aa866e9634adc4,OK,380,6
data/v31_updates/qwen_Q050_A1.csv,C:\Users\zianyy\Desktop\final\project\data\v31_updates\qwen_Q050_A1.csv,synthetic_update,Qwen/TimeGAN/TimeWeaver experimental update pool (downstream_update_rows),80442,0b90ed608279550e733e96d25294bbf7b5fc9859ad246d5b5525ffc1f6f2af3f,OK,378,35
data/v31_updates/qwen_Q050_A1_states.csv,C:\Users\zianyy\Desktop\final\project\data\v31_updates\qwen_Q050_A1_states.csv,synthetic_update,Qwen/TimeGAN/TimeWeaver experimental update pool (state_trajectory),15117,0224f0a30fe31b882641fabd04da0a58112b2f4609db2e4799acb82d9eb081a3,OK,380,6
data/v31_updates/qwen_Q050_A2.csv,C:\Users\zianyy\Desktop\final\project\data\v31_updates\qwen_Q050_A2.csv,synthetic_update,Qwen/TimeGAN/TimeWeaver experimental update pool (downstream_update_rows),80056,d4479479dccd6033c0836f4d06c9b35b51c48aed2b820e9b760827fd42984a64,OK,378,35
data/v31_updates/qwen_Q050_A2_states.csv,C:\Users\zianyy\Desktop\final\project\data\v31_updates\qwen_Q050_A2_states.csv,synthetic_update,Qwen/TimeGAN/TimeWeaver experimental update pool (state_trajectory),15033,a05b451db7cf4b0ecf451ba4a581d5c0778b62b7c731624f280025f0385a20b2,OK,380,6
data/v31_updates/qwen_Q050_A3.csv,C:\Users\zianyy\Desktop\final\project\data\v31_updates\qwen_Q050_A3.csv,synthetic_update,Qwen/TimeGAN/TimeWeaver experimental update pool (downstream_update_rows),79628,5f262d032d540d7e1ca69cc61651ac22d81c20640706df1f048806df18adda31,OK,378,35
data/v31_updates/qwen_Q050_A3_states.csv,C:\Users\zianyy\Desktop\final\project\data\v31_updates\qwen_Q050_A3_states.csv,synthetic_update,Qwen/TimeGAN/TimeWeaver experimental update pool (state_trajectory),14901,ec8f55fe0ce7d734fa9ba9aa3d120bbe1965edc57a19be5b9584e9a8f3e38d57,OK,380,6
data/v31_updates/qwen_Q050_A4.csv,C:\Users\zianyy\Desktop\final\project\data\v31_updates\qwen_Q050_A4.csv,synthetic_update,Qwen/TimeGAN/TimeWeaver experimental update pool (downstream_update_rows),79550,9a3d580674bdc905524895869997f45a4900bd2f4aaa055f89bb6999129b1677,OK,378,35
data/v31_updates/qwen_Q050_A4_states.csv,C:\Users\zianyy\Desktop\final\project\data\v31_updates\qwen_Q050_A4_states.csv,synthetic_update,Qwen/TimeGAN/TimeWeaver experimental update pool (state_trajectory),14784,430651c113d5b1fe093bae9d0ffa7a0c0fb0d1a11bd826f35743b66a766bcf72,OK,380,6
data/v31_updates/qwen_Q050_A5.csv,C:\Users\zianyy\Desktop\final\project\data\v31_updates\qwen_Q050_A5.csv,synthetic_update,Qwen/TimeGAN/TimeWeaver experimental update pool (downstream_update_rows),80594,8848a8631ea309ae8593b439c763397ddea2b3a0dc1982d71580dc95fab3bf66,OK,378,35
data/v31_updates/qwen_Q050_A5_states.csv,C:\Users\zianyy\Desktop\final\project\data\v31_updates\qwen_Q050_A5_states.csv,synthetic_update,Qwen/TimeGAN/TimeWeaver experimental update pool (state_trajectory),15071,3c23e5ee62743dfb0b923800e165ad53a178e2a183a7505c0f97220aaed662f7,OK,380,6
data/v31_updates/qwen_Q075_A1.csv,C:\Users\zianyy\Desktop\final\project\data\v31_updates\qwen_Q075_A1.csv,synthetic_update,Qwen/TimeGAN/TimeWeaver experimental update pool (downstream_update_rows),80613,f31552195f5e75900d97bbd497cd3442f27dfca35ed0abc5e72d9af143939653,OK,378,35
data/v31_updates/qwen_Q075_A1_states.csv,C:\Users\zianyy\Desktop\final\project\data\v31_updates\qwen_Q075_A1_states.csv,synthetic_update,Qwen/TimeGAN/TimeWeaver experimental update pool (state_trajectory),15525,bb3cb17cffb5c36c1a7fe40840572e1844a84bd09840b9fee9966091c7dc2081,OK,380,6
data/v31_updates/qwen_Q075_A2.csv,C:\Users\zianyy\Desktop\final\project\data\v31_updates\qwen_Q075_A2.csv,synthetic_update,Qwen/TimeGAN/TimeWeaver experimental update pool (downstream_update_rows),81020,34f7d9b03820ecd3d21d9b5153713e7ed92e5086d6dab96d0311402fe8c7ee92,OK,378,35
data/v31_updates/qwen_Q075_A2_states.csv,C:\Users\zianyy\Desktop\final\project\data\v31_updates\qwen_Q075_A2_states.csv,synthetic_update,Qwen/TimeGAN/TimeWeaver experimental update pool (state_trajectory),15704,6098ac98e08d4b0fd261103739d8d90b4c416d4914bba77775b8c9170ba34c86,OK,380,6
data/v31_updates/qwen_Q075_A3.csv,C:\Users\zianyy\Desktop\final\project\data\v31_updates\qwen_Q075_A3.csv,synthetic_update,Qwen/TimeGAN/TimeWeaver experimental update pool (downstream_update_rows),81480,fd114d58e026d631db1614bf6023934617a79be548a0ffe37fd9fddd9ad03def,OK,378,35
data/v31_updates/qwen_Q075_A3_states.csv,C:\Users\zianyy\Desktop\final\project\data\v31_updates\qwen_Q075_A3_states.csv,synthetic_update,Qwen/TimeGAN/TimeWeaver experimental update pool (state_trajectory),15844,6ec3e2cd7d56d2a87106e40f49808073bddeb7938f0e301ccbb5dc8d04a505bc,OK,380,6
data/v31_updates/qwen_Q075_A4.csv,C:\Users\zianyy\Desktop\final\project\data\v31_updates\qwen_Q075_A4.csv,synthetic_update,Qwen/TimeGAN/TimeWeaver experimental update pool (downstream_update_rows),81265,08620a71b00a8fd080efcd986f8a9aa612d07aeea65360624765e4fcd5e7555f,OK,378,35
data/v31_updates/qwen_Q075_A4_states.csv,C:\Users\zianyy\Desktop\final\project\data\v31_updates\qwen_Q075_A4_states.csv,synthetic_update,Qwen/TimeGAN/TimeWeaver experimental update pool (state_trajectory),15800,278c6c03802ca0fe6dc3279cdce5c52471b22a5e9cf2bec34456f442930f8182,OK,380,6
data/v31_updates/qwen_Q075_A5.csv,C:\Users\zianyy\Desktop\final\project\data\v31_updates\qwen_Q075_A5.csv,synthetic_update,Qwen/TimeGAN/TimeWeaver experimental update pool (downstream_update_rows),81458,22c51b89c40e69696b92646fdd1ce77394f0afa748962f5ac6c230139ebff394,OK,378,35
data/v31_updates/qwen_Q075_A5_states.csv,C:\Users\zianyy\Desktop\final\project\data\v31_updates\qwen_Q075_A5_states.csv,synthetic_update,Qwen/TimeGAN/TimeWeaver experimental update pool (state_trajectory),15836,f44585e7ef325afc6c7016595956af7081ac150e90d7403a2e41814e7bb51422,OK,380,6
data/v31_updates/qwen_Q100_A1.csv,C:\Users\zianyy\Desktop\final\project\data\v31_updates\qwen_Q100_A1.csv,synthetic_update,Qwen/TimeGAN/TimeWeaver experimental update pool (downstream_update_rows),84066,c6df9e3869d751d572ccb7932d1778cd67d56ea1eb55102612961851fc6777ab,OK,378,35
data/v31_updates/qwen_Q100_A1_states.csv,C:\Users\zianyy\Desktop\final\project\data\v31_updates\qwen_Q100_A1_states.csv,synthetic_update,Qwen/TimeGAN/TimeWeaver experimental update pool (state_trajectory),17103,79f75e7b906048a3dcff6d593ae5f3cdd829ab93ffc700e5dfe30e4e1c1cc1d2,OK,380,6
data/v31_updates/qwen_Q100_A2.csv,C:\Users\zianyy\Desktop\final\project\data\v31_updates\qwen_Q100_A2.csv,synthetic_update,Qwen/TimeGAN/TimeWeaver experimental update pool (downstream_update_rows),85159,40e634f6887032cfb0ab7fc6251cb524f745b07e87d927dec9859b28067b9f2e,OK,378,35
data/v31_updates/qwen_Q100_A2_states.csv,C:\Users\zianyy\Desktop\final\project\data\v31_updates\qwen_Q100_A2_states.csv,synthetic_update,Qwen/TimeGAN/TimeWeaver experimental update pool (state_trajectory),17514,da0c590dddd823a8301ae4282e4f23b06505341a299ffb3db714ab669add9cfc,OK,380,6
data/v31_updates/qwen_Q100_A3.csv,C:\Users\zianyy\Desktop\final\project\data\v31_updates\qwen_Q100_A3.csv,synthetic_update,Qwen/TimeGAN/TimeWeaver experimental update pool (downstream_update_rows),84066,c6df9e3869d751d572ccb7932d1778cd67d56ea1eb55102612961851fc6777ab,OK,378,35
data/v31_updates/qwen_Q100_A3_states.csv,C:\Users\zianyy\Desktop\final\project\data\v31_updates\qwen_Q100_A3_states.csv,synthetic_update,Qwen/TimeGAN/TimeWeaver experimental update pool (state_trajectory),17103,79f75e7b906048a3dcff6d593ae5f3cdd829ab93ffc700e5dfe30e4e1c1cc1d2,OK,380,6
data/v31_updates/qwen_Q100_A4.csv,C:\Users\zianyy\Desktop\final\project\data\v31_updates\qwen_Q100_A4.csv,synthetic_update,Qwen/TimeGAN/TimeWeaver experimental update pool (downstream_update_rows),84450,ebd23d539d5c2ab98d914ce03da739639a077d6682b05e4d05798ce2819d4132,OK,378,35
data/v31_updates/qwen_Q100_A4_states.csv,C:\Users\zianyy\Desktop\final\project\data\v31_updates\qwen_Q100_A4_states.csv,synthetic_update,Qwen/TimeGAN/TimeWeaver experimental update pool (state_trajectory),17291,ed1ff1e72d162c0c591860c538620373683ef19cd25da232284bc2f6c730e6e1,OK,380,6
data/v31_updates/qwen_Q100_A5.csv,C:\Users\zianyy\Desktop\final\project\data\v31_updates\qwen_Q100_A5.csv,synthetic_update,Qwen/TimeGAN/TimeWeaver experimental update pool (downstream_update_rows),84450,ebd23d539d5c2ab98d914ce03da739639a077d6682b05e4d05798ce2819d4132,OK,378,35
data/v31_updates/qwen_Q100_A5_states.csv,C:\Users\zianyy\Desktop\final\project\data\v31_updates\qwen_Q100_A5_states.csv,synthetic_update,Qwen/TimeGAN/TimeWeaver experimental update pool (state_trajectory),17291,ed1ff1e72d162c0c591860c538620373683ef19cd25da232284bc2f6c730e6e1,OK,380,6
data/v31_updates/timegan_Q025_A1.csv,C:\Users\zianyy\Desktop\final\project\data\v31_updates\timegan_Q025_A1.csv,synthetic_update,Qwen/TimeGAN/TimeWeaver experimental update pool (downstream_update_rows),82154,105e6c97db8d624ad5739b04b21d4725dced3a6edd6b7cbfa15e808f34c97408,OK,378,35
data/v31_updates/timegan_Q025_A1_states.csv,C:\Users\zianyy\Desktop\final\project\data\v31_updates\timegan_Q025_A1_states.csv,synthetic_update,Qwen/TimeGAN/TimeWeaver experimental update pool (state_trajectory),14960,6fa4337e8e72547510fea414dbe6fd77927e4827ec0c106f44de0f4374af57a0,OK,380,6
data/v31_updates/timegan_Q025_A2.csv,C:\Users\zianyy\Desktop\final\project\data\v31_updates\timegan_Q025_A2.csv,synthetic_update,Qwen/TimeGAN/TimeWeaver experimental update pool (downstream_update_rows),82345,6c415f1537195a30f62a8a4c7a8ef26845e852f546f288353082d26de5b66ce8,OK,378,35
data/v31_updates/timegan_Q025_A2_states.csv,C:\Users\zianyy\Desktop\final\project\data\v31_updates\timegan_Q025_A2_states.csv,synthetic_update,Qwen/TimeGAN/TimeWeaver experimental update pool (state_trajectory),15016,2cb98ef363580abdba54f188776d9234132441b921da13cd26314d19eb46de3a,OK,380,6
data/v31_updates/timegan_Q025_A3.csv,C:\Users\zianyy\Desktop\final\project\data\v31_updates\timegan_Q025_A3.csv,synthetic_update,Qwen/TimeGAN/TimeWeaver experimental update pool (downstream_update_rows),82392,03369702eafb80f94ed75ee5ccdbf3a32af62e1392f7eba877bc17d8c042dcd7,OK,378,35
data/v31_updates/timegan_Q025_A3_states.csv,C:\Users\zianyy\Desktop\final\project\data\v31_updates\timegan_Q025_A3_states.csv,synthetic_update,Qwen/TimeGAN/TimeWeaver experimental update pool (state_trajectory),15069,469c719c6495e4b5690919f203ecb016543ab09db6d6cd5f1ee1f28f77746411,OK,380,6
data/v31_updates/timegan_Q025_A4.csv,C:\Users\zianyy\Desktop\final\project\data\v31_updates\timegan_Q025_A4.csv,synthetic_update,Qwen/TimeGAN/TimeWeaver experimental update pool (downstream_update_rows),82389,bec7a7206598b41fc2633946df73fadbac9777e374c68054cd670c18847c9009,OK,378,35
data/v31_updates/timegan_Q025_A4_states.csv,C:\Users\zianyy\Desktop\final\project\data\v31_updates\timegan_Q025_A4_states.csv,synthetic_update,Qwen/TimeGAN/TimeWeaver experimental update pool (state_trajectory),15022,eb24fb554ac049ac4d0a45e3daa5db04b86fd3cabb050b84e52d6419402265b7,OK,380,6
data/v31_updates/timegan_Q025_A5.csv,C:\Users\zianyy\Desktop\final\project\data\v31_updates\timegan_Q025_A5.csv,synthetic_update,Qwen/TimeGAN/TimeWeaver experimental update pool (downstream_update_rows),82188,efb64854fe4a112ab31193f6a5519426d5b807eb998d09831f6153a159b57511,OK,378,35
data/v31_updates/timegan_Q025_A5_states.csv,C:\Users\zianyy\Desktop\final\project\data\v31_updates\timegan_Q025_A5_states.csv,synthetic_update,Qwen/TimeGAN/TimeWeaver experimental update pool (state_trajectory),15000,ffc463746ec581826ff228986bc7bdd62511738eb4c41dbc914126f031a0b947,OK,380,6
data/v31_updates/timegan_Q050_A1.csv,C:\Users\zianyy\Desktop\final\project\data\v31_updates\timegan_Q050_A1.csv,synthetic_update,Qwen/TimeGAN/TimeWeaver experimental update pool (downstream_update_rows),85285,0da92ac948e5a68c61116f5dea225883a76a45d3eee7e7db5d3183fcb3490d18,OK,378,35
data/v31_updates/timegan_Q050_A1_states.csv,C:\Users\zianyy\Desktop\final\project\data\v31_updates\timegan_Q050_A1_states.csv,synthetic_update,Qwen/TimeGAN/TimeWeaver experimental update pool (state_trajectory),16403,6792bc195249fcd022fd3138ed82feb2fcbd660028c5ac7fd7e468a30830faa1,OK,380,6
data/v31_updates/timegan_Q050_A2.csv,C:\Users\zianyy\Desktop\final\project\data\v31_updates\timegan_Q050_A2.csv,synthetic_update,Qwen/TimeGAN/TimeWeaver experimental update pool (downstream_update_rows),85249,422e65481adad196a532edf74a860370fdc44357f5a34c6b9c626fdb0c877de3,OK,378,35
data/v31_updates/timegan_Q050_A2_states.csv,C:\Users\zianyy\Desktop\final\project\data\v31_updates\timegan_Q050_A2_states.csv,synthetic_update,Qwen/TimeGAN/TimeWeaver experimental update pool (state_trajectory),16418,414952e18f510eeba32c8c66dd91cf21b00c45c89176b8fdae99e87a2bddeab2,OK,380,6
data/v31_updates/timegan_Q050_A3.csv,C:\Users\zianyy\Desktop\final\project\data\v31_updates\timegan_Q050_A3.csv,synthetic_update,Qwen/TimeGAN/TimeWeaver experimental update pool (downstream_update_rows),85319,bdeccc6fb61b32a95ca2c975f74b24614994328c6a1c760041a137ba84cbf887,OK,378,35
data/v31_updates/timegan_Q050_A3_states.csv,C:\Users\zianyy\Desktop\final\project\data\v31_updates\timegan_Q050_A3_states.csv,synthetic_update,Qwen/TimeGAN/TimeWeaver experimental update pool (state_trajectory),16439,6e68c835ea255e4fee46dc795c9fa67d1283d89ed58109bc67731ebaa587d624,OK,380,6
data/v31_updates/timegan_Q050_A4.csv,C:\Users\zianyy\Desktop\final\project\data\v31_updates\timegan_Q050_A4.csv,synthetic_update,Qwen/TimeGAN/TimeWeaver experimental update pool (downstream_update_rows),84932,01ce6258c89c71deb0a6b2affb010542404871fbf14a425af06a8f8a75c6a13f,OK,378,35
data/v31_updates/timegan_Q050_A4_states.csv,C:\Users\zianyy\Desktop\final\project\data\v31_updates\timegan_Q050_A4_states.csv,synthetic_update,Qwen/TimeGAN/TimeWeaver experimental update pool (state_trajectory),16342,0e16babb01502b97e9ad55c222cd13c40ea715ea34c9e25e5ca3382935e6b4a8,OK,380,6
data/v31_updates/timegan_Q050_A5.csv,C:\Users\zianyy\Desktop\final\project\data\v31_updates\timegan_Q050_A5.csv,synthetic_update,Qwen/TimeGAN/TimeWeaver experimental update pool (downstream_update_rows),85434,8250f998da1124b46c4aada7aca7dc0439da95029b18662122050abd80994847,OK,378,35
data/v31_updates/timegan_Q050_A5_states.csv,C:\Users\zianyy\Desktop\final\project\data\v31_updates\timegan_Q050_A5_states.csv,synthetic_update,Qwen/TimeGAN/TimeWeaver experimental update pool (state_trajectory),16468,675704c2d9359bf88d60010946db3fb3d877ded1206d9e7c8473afa4af565bb2,OK,380,6
data/v31_updates/timegan_Q075_A1.csv,C:\Users\zianyy\Desktop\final\project\data\v31_updates\timegan_Q075_A1.csv,synthetic_update,Qwen/TimeGAN/TimeWeaver experimental update pool (downstream_update_rows),87672,94737b3183865e119c16e52f06a8770e57545142177a7ec56da0bc7fd2f90467,OK,378,35
data/v31_updates/timegan_Q075_A1_states.csv,C:\Users\zianyy\Desktop\final\project\data\v31_updates\timegan_Q075_A1_states.csv,synthetic_update,Qwen/TimeGAN/TimeWeaver experimental update pool (state_trajectory),17793,3566a384f0be7cb009ad2af4f5f465ac351cf905b251d42563cb8c872dd5b717,OK,380,6
data/v31_updates/timegan_Q075_A2.csv,C:\Users\zianyy\Desktop\final\project\data\v31_updates\timegan_Q075_A2.csv,synthetic_update,Qwen/TimeGAN/TimeWeaver experimental update pool (downstream_update_rows),87923,aa83bd35a81717df1e5d5f3cf3eb6957bf262d9ddd7bb6a3308ac6c898b9beec,OK,378,35
data/v31_updates/timegan_Q075_A2_states.csv,C:\Users\zianyy\Desktop\final\project\data\v31_updates\timegan_Q075_A2_states.csv,synthetic_update,Qwen/TimeGAN/TimeWeaver experimental update pool (state_trajectory),17870,2d11d4159aa2bf8388df1dae531c4eb532124433d3a2686fa147fa76a0f8a011,OK,380,6
data/v31_updates/timegan_Q075_A3.csv,C:\Users\zianyy\Desktop\final\project\data\v31_updates\timegan_Q075_A3.csv,synthetic_update,Qwen/TimeGAN/TimeWeaver experimental update pool (downstream_update_rows),87862,706e46195b8274d7d8a5c83933eea23af94585e27fed72c66b525c90655630c9,OK,378,35
data/v31_updates/timegan_Q075_A3_states.csv,C:\Users\zianyy\Desktop\final\project\data\v31_updates\timegan_Q075_A3_states.csv,synthetic_update,Qwen/TimeGAN/TimeWeaver experimental update pool (state_trajectory),17855,cc4664167bcdba0df5f15c50663392e2972e5eb24eaa946ff98cd5601809cd29,OK,380,6
data/v31_updates/timegan_Q075_A4.csv,C:\Users\zianyy\Desktop\final\project\data\v31_updates\timegan_Q075_A4.csv,synthetic_update,Qwen/TimeGAN/TimeWeaver experimental update pool (downstream_update_rows),87987,ed518322a07084095721e6c4902fded1220ec2f6faeb84179050a3adbbc56fa3,OK,378,35
data/v31_updates/timegan_Q075_A4_states.csv,C:\Users\zianyy\Desktop\final\project\data\v31_updates\timegan_Q075_A4_states.csv,synthetic_update,Qwen/TimeGAN/TimeWeaver experimental update pool (state_trajectory),17896,7d00802ef058fdaf5ec0dbeb4dbc8f728d1ce426c41188270f59e1f9c3090041,OK,380,6
data/v31_updates/timegan_Q075_A5.csv,C:\Users\zianyy\Desktop\final\project\data\v31_updates\timegan_Q075_A5.csv,synthetic_update,Qwen/TimeGAN/TimeWeaver experimental update pool (downstream_update_rows),88066,1b69564f3e81d1764013dd9731d5311ae4680cb8c4178440fe3139e223ada0da,OK,378,35
data/v31_updates/timegan_Q075_A5_states.csv,C:\Users\zianyy\Desktop\final\project\data\v31_updates\timegan_Q075_A5_states.csv,synthetic_update,Qwen/TimeGAN/TimeWeaver experimental update pool (state_trajectory),17910,6c75f8c385e1aaa221c045858f98cdb6897478e49d1e65fd8fc9d8de55db925d,OK,380,6
data/v31_updates/timegan_Q100_A1.csv,C:\Users\zianyy\Desktop\final\project\data\v31_updates\timegan_Q100_A1.csv,synthetic_update,Qwen/TimeGAN/TimeWeaver experimental update pool (downstream_update_rows),90434,563ab77c5bdc770eea7b3aad83ab454acd42fd55a6d0a6d3774b42c3dde81e38,OK,378,35
data/v31_updates/timegan_Q100_A1_states.csv,C:\Users\zianyy\Desktop\final\project\data\v31_updates\timegan_Q100_A1_states.csv,synthetic_update,Qwen/TimeGAN/TimeWeaver experimental update pool (state_trajectory),19262,07f1db1858b474e598b16036145c5c5fb74f1c452d34883f8cc7e34be4de80bd,OK,380,6
data/v31_updates/timegan_Q100_A2.csv,C:\Users\zianyy\Desktop\final\project\data\v31_updates\timegan_Q100_A2.csv,synthetic_update,Qwen/TimeGAN/TimeWeaver experimental update pool (downstream_update_rows),90434,563ab77c5bdc770eea7b3aad83ab454acd42fd55a6d0a6d3774b42c3dde81e38,OK,378,35
data/v31_updates/timegan_Q100_A2_states.csv,C:\Users\zianyy\Desktop\final\project\data\v31_updates\timegan_Q100_A2_states.csv,synthetic_update,Qwen/TimeGAN/TimeWeaver experimental update pool (state_trajectory),19262,07f1db1858b474e598b16036145c5c5fb74f1c452d34883f8cc7e34be4de80bd,OK,380,6
data/v31_updates/timegan_Q100_A3.csv,C:\Users\zianyy\Desktop\final\project\data\v31_updates\timegan_Q100_A3.csv,synthetic_update,Qwen/TimeGAN/TimeWeaver experimental update pool (downstream_update_rows),90434,563ab77c5bdc770eea7b3aad83ab454acd42fd55a6d0a6d3774b42c3dde81e38,OK,378,35
data/v31_updates/timegan_Q100_A3_states.csv,C:\Users\zianyy\Desktop\final\project\data\v31_updates\timegan_Q100_A3_states.csv,synthetic_update,Qwen/TimeGAN/TimeWeaver experimental update pool (state_trajectory),19262,07f1db1858b474e598b16036145c5c5fb74f1c452d34883f8cc7e34be4de80bd,OK,380,6
data/v31_updates/timegan_Q100_A4.csv,C:\Users\zianyy\Desktop\final\project\data\v31_updates\timegan_Q100_A4.csv,synthetic_update,Qwen/TimeGAN/TimeWeaver experimental update pool (downstream_update_rows),90434,563ab77c5bdc770eea7b3aad83ab454acd42fd55a6d0a6d3774b42c3dde81e38,OK,378,35
data/v31_updates/timegan_Q100_A4_states.csv,C:\Users\zianyy\Desktop\final\project\data\v31_updates\timegan_Q100_A4_states.csv,synthetic_update,Qwen/TimeGAN/TimeWeaver experimental update pool (state_trajectory),19262,07f1db1858b474e598b16036145c5c5fb74f1c452d34883f8cc7e34be4de80bd,OK,380,6
data/v31_updates/timegan_Q100_A5.csv,C:\Users\zianyy\Desktop\final\project\data\v31_updates\timegan_Q100_A5.csv,synthetic_update,Qwen/TimeGAN/TimeWeaver experimental update pool (downstream_update_rows),90434,563ab77c5bdc770eea7b3aad83ab454acd42fd55a6d0a6d3774b42c3dde81e38,OK,378,35
data/v31_updates/timegan_Q100_A5_states.csv,C:\Users\zianyy\Desktop\final\project\data\v31_updates\timegan_Q100_A5_states.csv,synthetic_update,Qwen/TimeGAN/TimeWeaver experimental update pool (state_trajectory),19262,07f1db1858b474e598b16036145c5c5fb74f1c452d34883f8cc7e34be4de80bd,OK,380,6
data/v31_updates/timeweaver_Q025_A1.csv,C:\Users\zianyy\Desktop\final\project\data\v31_updates\timeweaver_Q025_A1.csv,synthetic_update,Qwen/TimeGAN/TimeWeaver experimental update pool (downstream_update_rows),81401,45af56dfe432008608f306bffcd98d7500881bb4a767130b07ca3f49a45e8d03,OK,378,35
data/v31_updates/timeweaver_Q025_A1_states.csv,C:\Users\zianyy\Desktop\final\project\data\v31_updates\timeweaver_Q025_A1_states.csv,synthetic_update,Qwen/TimeGAN/TimeWeaver experimental update pool (state_trajectory),14956,eaeecac293aba4a26efa83539b517dec962edd1ebdc1ab678bdcdffe9232a77f,OK,380,6
data/v31_updates/timeweaver_Q025_A2.csv,C:\Users\zianyy\Desktop\final\project\data\v31_updates\timeweaver_Q025_A2.csv,synthetic_update,Qwen/TimeGAN/TimeWeaver experimental update pool (downstream_update_rows),81405,bbd69d2edfc5bf83abdb1238b100444665be3528bcf0c9d15766aea553f4a19b,OK,378,35
data/v31_updates/timeweaver_Q025_A2_states.csv,C:\Users\zianyy\Desktop\final\project\data\v31_updates\timeweaver_Q025_A2_states.csv,synthetic_update,Qwen/TimeGAN/TimeWeaver experimental update pool (state_trajectory),15012,07610db2ed452d21c9edb1de5d45430be9faf13927545092bc2be6a1b748d192,OK,380,6
data/v31_updates/timeweaver_Q025_A3.csv,C:\Users\zianyy\Desktop\final\project\data\v31_updates\timeweaver_Q025_A3.csv,synthetic_update,Qwen/TimeGAN/TimeWeaver experimental update pool (downstream_update_rows),81740,c86ff2baceae75d41d86fb261468d2616534c5037f0038a2c01dda65f0b2d5b8,OK,378,35
data/v31_updates/timeweaver_Q025_A3_states.csv,C:\Users\zianyy\Desktop\final\project\data\v31_updates\timeweaver_Q025_A3_states.csv,synthetic_update,Qwen/TimeGAN/TimeWeaver experimental update pool (state_trajectory),15056,40513578a09a1ea88f369b33f1930e7f9d7bf6dafb19769d4ad1f2536a8a632f,OK,380,6
data/v31_updates/timeweaver_Q025_A4.csv,C:\Users\zianyy\Desktop\final\project\data\v31_updates\timeweaver_Q025_A4.csv,synthetic_update,Qwen/TimeGAN/TimeWeaver experimental update pool (downstream_update_rows),81506,8cae6e05f4e3b8bff241d6b871405a5afbbb50d875df588eb767146aa573f0c3,OK,378,35
data/v31_updates/timeweaver_Q025_A4_states.csv,C:\Users\zianyy\Desktop\final\project\data\v31_updates\timeweaver_Q025_A4_states.csv,synthetic_update,Qwen/TimeGAN/TimeWeaver experimental update pool (state_trajectory),15023,92135aa9de649a535908fd0a94bed0995b2e2d2362033959b3a1e6a2da6a0c1c,OK,380,6
data/v31_updates/timeweaver_Q025_A5.csv,C:\Users\zianyy\Desktop\final\project\data\v31_updates\timeweaver_Q025_A5.csv,synthetic_update,Qwen/TimeGAN/TimeWeaver experimental update pool (downstream_update_rows),81525,7b145ca74633eef70abe447cd0b855e198ce85ac4ca2eb9c263492d0a7059978,OK,378,35
data/v31_updates/timeweaver_Q025_A5_states.csv,C:\Users\zianyy\Desktop\final\project\data\v31_updates\timeweaver_Q025_A5_states.csv,synthetic_update,Qwen/TimeGAN/TimeWeaver experimental update pool (state_trajectory),14997,3903be061093753a9fed3a49e7e991452c370252a660629cbc0f0a7e68457777,OK,380,6
data/v31_updates/timeweaver_Q050_A1.csv,C:\Users\zianyy\Desktop\final\project\data\v31_updates\timeweaver_Q050_A1.csv,synthetic_update,Qwen/TimeGAN/TimeWeaver experimental update pool (downstream_update_rows),84852,021ebe82aa2eb03452f013418c10db5de7931988315db0bedd068727ced28c20,OK,378,35
data/v31_updates/timeweaver_Q050_A1_states.csv,C:\Users\zianyy\Desktop\final\project\data\v31_updates\timeweaver_Q050_A1_states.csv,synthetic_update,Qwen/TimeGAN/TimeWeaver experimental update pool (state_trajectory),16400,a3a7fd80138bee8bd26cc57f0b61e90cfee3faa4a054fafe5ee767b2e7ff412d,OK,380,6
data/v31_updates/timeweaver_Q050_A2.csv,C:\Users\zianyy\Desktop\final\project\data\v31_updates\timeweaver_Q050_A2.csv,synthetic_update,Qwen/TimeGAN/TimeWeaver experimental update pool (downstream_update_rows),85050,9f4fde1a77339b530e083f7f502055d508274b0265c4d9e15a04e42d53eb5763,OK,378,35
data/v31_updates/timeweaver_Q050_A2_states.csv,C:\Users\zianyy\Desktop\final\project\data\v31_updates\timeweaver_Q050_A2_states.csv,synthetic_update,Qwen/TimeGAN/TimeWeaver experimental update pool (state_trajectory),16406,089d04aa597573f2ca5403f78b2c4b98fd56b10c5b85a23132cb44ae9c67496c,OK,380,6
data/v31_updates/timeweaver_Q050_A3.csv,C:\Users\zianyy\Desktop\final\project\data\v31_updates\timeweaver_Q050_A3.csv,synthetic_update,Qwen/TimeGAN/TimeWeaver experimental update pool (downstream_update_rows),84955,4c61291d39834f00f1bdc30b5c52e02e8f7384142ace1049e370b6ec87a55a79,OK,378,35
data/v31_updates/timeweaver_Q050_A3_states.csv,C:\Users\zianyy\Desktop\final\project\data\v31_updates\timeweaver_Q050_A3_states.csv,synthetic_update,Qwen/TimeGAN/TimeWeaver experimental update pool (state_trajectory),16436,f720414e5de8d068158d83e806dd2bf1dbb11fa9611c0317073abd0311137721,OK,380,6
data/v31_updates/timeweaver_Q050_A4.csv,C:\Users\zianyy\Desktop\final\project\data\v31_updates\timeweaver_Q050_A4.csv,synthetic_update,Qwen/TimeGAN/TimeWeaver experimental update pool (downstream_update_rows),84723,d5889e687c77d0f335c6539cc0b93574e08704c55a0feb496f01ac58aef51977,OK,378,35
data/v31_updates/timeweaver_Q050_A4_states.csv,C:\Users\zianyy\Desktop\final\project\data\v31_updates\timeweaver_Q050_A4_states.csv,synthetic_update,Qwen/TimeGAN/TimeWeaver experimental update pool (state_trajectory),16335,44b0cb9960761fa6273d6daf34a2bbe8f68ffa51bd275021e1a9dd8e4edba7ac,OK,380,6
data/v31_updates/timeweaver_Q050_A5.csv,C:\Users\zianyy\Desktop\final\project\data\v31_updates\timeweaver_Q050_A5.csv,synthetic_update,Qwen/TimeGAN/TimeWeaver experimental update pool (downstream_update_rows),84753,aef3ad29369c7d45295a5570f10f6e4002460783901523fb25632a03f325ab8a,OK,378,35
data/v31_updates/timeweaver_Q050_A5_states.csv,C:\Users\zianyy\Desktop\final\project\data\v31_updates\timeweaver_Q050_A5_states.csv,synthetic_update,Qwen/TimeGAN/TimeWeaver experimental update pool (state_trajectory),16445,a40160cf41d873efe0414b092605e1606d3f6459405a984b6aa2d76f0d358737,OK,380,6
data/v31_updates/timeweaver_Q075_A1.csv,C:\Users\zianyy\Desktop\final\project\data\v31_updates\timeweaver_Q075_A1.csv,synthetic_update,Qwen/TimeGAN/TimeWeaver experimental update pool (downstream_update_rows),87428,bbf59ddaefaf4643807d7cb4c4ec0682e24ec2760788982078fd9ccbf23f93a7,OK,378,35
data/v31_updates/timeweaver_Q075_A1_states.csv,C:\Users\zianyy\Desktop\final\project\data\v31_updates\timeweaver_Q075_A1_states.csv,synthetic_update,Qwen/TimeGAN/TimeWeaver experimental update pool (state_trajectory),17807,c6095e744084a7d4657b722002f47f946406f8980d3cfeebd1e3ebabddc7d74a,OK,380,6
data/v31_updates/timeweaver_Q075_A2.csv,C:\Users\zianyy\Desktop\final\project\data\v31_updates\timeweaver_Q075_A2.csv,synthetic_update,Qwen/TimeGAN/TimeWeaver experimental update pool (downstream_update_rows),87553,3014f1112e89e4463e49e9ab459dfddc262aa15905c109669c5d6bf984476df7,OK,378,35
data/v31_updates/timeweaver_Q075_A2_states.csv,C:\Users\zianyy\Desktop\final\project\data\v31_updates\timeweaver_Q075_A2_states.csv,synthetic_update,Qwen/TimeGAN/TimeWeaver experimental update pool (state_trajectory),17854,d6dd6c363815cb9d158deb3022663c68508d0bcf973e240a70f5cd717c5d382b,OK,380,6
data/v31_updates/timeweaver_Q075_A3.csv,C:\Users\zianyy\Desktop\final\project\data\v31_updates\timeweaver_Q075_A3.csv,synthetic_update,Qwen/TimeGAN/TimeWeaver experimental update pool (downstream_update_rows),87910,73610bd9e96b7af467a51db734d8acd235fd79aca9e5c447dbd107a21243e9ce,OK,378,35
data/v31_updates/timeweaver_Q075_A3_states.csv,C:\Users\zianyy\Desktop\final\project\data\v31_updates\timeweaver_Q075_A3_states.csv,synthetic_update,Qwen/TimeGAN/TimeWeaver experimental update pool (state_trajectory),17846,3ada83befc2cea9014bb11a043d715e39560d3f3e5bf4b596d93cca91cbc5240,OK,380,6
data/v31_updates/timeweaver_Q075_A4.csv,C:\Users\zianyy\Desktop\final\project\data\v31_updates\timeweaver_Q075_A4.csv,synthetic_update,Qwen/TimeGAN/TimeWeaver experimental update pool (downstream_update_rows),87782,708b875c8867d5b0c11df175f79ed0601aef98a0641c4b99422790c20f6b7767,OK,378,35
data/v31_updates/timeweaver_Q075_A4_states.csv,C:\Users\zianyy\Desktop\final\project\data\v31_updates\timeweaver_Q075_A4_states.csv,synthetic_update,Qwen/TimeGAN/TimeWeaver experimental update pool (state_trajectory),17878,a867d2fe708e117e948543124b9e30aaedb86f7395de6f41ee24a6145905be5a,OK,380,6
data/v31_updates/timeweaver_Q075_A5.csv,C:\Users\zianyy\Desktop\final\project\data\v31_updates\timeweaver_Q075_A5.csv,synthetic_update,Qwen/TimeGAN/TimeWeaver experimental update pool (downstream_update_rows),87818,ab18860305a1f471ea78697ab281a175e06f56a12be3a43bcc84bcf61d6fb503,OK,378,35
data/v31_updates/timeweaver_Q075_A5_states.csv,C:\Users\zianyy\Desktop\final\project\data\v31_updates\timeweaver_Q075_A5_states.csv,synthetic_update,Qwen/TimeGAN/TimeWeaver experimental update pool (state_trajectory),17898,ccd95d5fdb7a7f3e98e62d7162c193ca6606e6983e3f0a6fc9e0c99625e0baf7,OK,380,6
data/v31_updates/timeweaver_Q100_A1.csv,C:\Users\zianyy\Desktop\final\project\data\v31_updates\timeweaver_Q100_A1.csv,synthetic_update,Qwen/TimeGAN/TimeWeaver experimental update pool (downstream_update_rows),90065,f1e1a326e0f06dbe7e3a375732feeecfe6004c6036d65b33195b90ead42cb3f0,OK,378,35
data/v31_updates/timeweaver_Q100_A1_states.csv,C:\Users\zianyy\Desktop\final\project\data\v31_updates\timeweaver_Q100_A1_states.csv,synthetic_update,Qwen/TimeGAN/TimeWeaver experimental update pool (state_trajectory),19316,9fb2f903cfb0aeafb3f2af4741e6e885081bbe7eb8d93ae47f8b9b073e8aab05,OK,380,6
data/v31_updates/timeweaver_Q100_A2.csv,C:\Users\zianyy\Desktop\final\project\data\v31_updates\timeweaver_Q100_A2.csv,synthetic_update,Qwen/TimeGAN/TimeWeaver experimental update pool (downstream_update_rows),90074,9ffa12a8583d2c3eacf3e2e549f08903c3dbbbe94e83d2c548d961cdd0495c6a,OK,378,35
data/v31_updates/timeweaver_Q100_A2_states.csv,C:\Users\zianyy\Desktop\final\project\data\v31_updates\timeweaver_Q100_A2_states.csv,synthetic_update,Qwen/TimeGAN/TimeWeaver experimental update pool (state_trajectory),19324,61787f3134b02d8413853a60eb197c24aee8bfd44b54fc9836d25b55ea2b681f,OK,380,6
data/v31_updates/timeweaver_Q100_A3.csv,C:\Users\zianyy\Desktop\final\project\data\v31_updates\timeweaver_Q100_A3.csv,synthetic_update,Qwen/TimeGAN/TimeWeaver experimental update pool (downstream_update_rows),90020,1ef8c6c81a2df3a615e5e7912c227181234bd01981d86accb7deb18741edd09c,OK,378,35
data/v31_updates/timeweaver_Q100_A3_states.csv,C:\Users\zianyy\Desktop\final\project\data\v31_updates\timeweaver_Q100_A3_states.csv,synthetic_update,Qwen/TimeGAN/TimeWeaver experimental update pool (state_trajectory),19345,eade66ff811f05a274b0783ca5bb64958bda424c5b8926fe754a4a03e7d2ee77,OK,380,6
data/v31_updates/timeweaver_Q100_A4.csv,C:\Users\zianyy\Desktop\final\project\data\v31_updates\timeweaver_Q100_A4.csv,synthetic_update,Qwen/TimeGAN/TimeWeaver experimental update pool (downstream_update_rows),90065,f1e1a326e0f06dbe7e3a375732feeecfe6004c6036d65b33195b90ead42cb3f0,OK,378,35
data/v31_updates/timeweaver_Q100_A4_states.csv,C:\Users\zianyy\Desktop\final\project\data\v31_updates\timeweaver_Q100_A4_states.csv,synthetic_update,Qwen/TimeGAN/TimeWeaver experimental update pool (state_trajectory),19316,9fb2f903cfb0aeafb3f2af4741e6e885081bbe7eb8d93ae47f8b9b073e8aab05,OK,380,6
data/v31_updates/timeweaver_Q100_A5.csv,C:\Users\zianyy\Desktop\final\project\data\v31_updates\timeweaver_Q100_A5.csv,synthetic_update,Qwen/TimeGAN/TimeWeaver experimental update pool (downstream_update_rows),90065,f1e1a326e0f06dbe7e3a375732feeecfe6004c6036d65b33195b90ead42cb3f0,OK,378,35
data/v31_updates/timeweaver_Q100_A5_states.csv,C:\Users\zianyy\Desktop\final\project\data\v31_updates\timeweaver_Q100_A5_states.csv,synthetic_update,Qwen/TimeGAN/TimeWeaver experimental update pool (state_trajectory),19316,9fb2f903cfb0aeafb3f2af4741e6e885081bbe7eb8d93ae47f8b9b073e8aab05,OK,380,6
data/v43_losgo/fold01_I_SemiRigid_12cmAC/qwen/dev_windows.csv,C:\Users\zianyy\Desktop\final\project\data\v43_losgo\fold01_I_SemiRigid_12cmAC\qwen\dev_windows.csv,losgo_generator_data,Fold-specific generator split with held-out structures excluded,157367,2239a9bd7ecc618917d329bb2d1576f2a347f4dc4d4baa099a42edb6fbd18d00,OK,227,84
data/v43_losgo/fold01_I_SemiRigid_12cmAC/qwen/holdout_windows.csv,C:\Users\zianyy\Desktop\final\project\data\v43_losgo\fold01_I_SemiRigid_12cmAC\qwen\holdout_windows.csv,losgo_generator_data,Fold-specific generator split with held-out structures excluded,160599,2e5470838f3bb7a1102fde971fb61633f368f0a3c37692c703bce404be92c13b,OK,232,84
data/v43_losgo/fold01_I_SemiRigid_12cmAC/qwen/qwen_chronological_manifest.json,C:\Users\zianyy\Desktop\final\project\data\v43_losgo\fold01_I_SemiRigid_12cmAC\qwen\qwen_chronological_manifest.json,losgo_generator_data,Fold-specific generator split with held-out structures excluded,541,0243a95256d58ce71e02e3a967437347db00047e4556600355275b40d0d28265,OK,1,
data/v43_losgo/fold01_I_SemiRigid_12cmAC/qwen/qwen_dev_2018.jsonl,C:\Users\zianyy\Desktop\final\project\data\v43_losgo\fold01_I_SemiRigid_12cmAC\qwen\qwen_dev_2018.jsonl,losgo_generator_data,Fold-specific generator split with held-out structures excluded,552361,aa222a18f4f4a697d6ab24eca796d663092f2d5761266c8608b25520575522ce,OK,227,
data/v43_losgo/fold01_I_SemiRigid_12cmAC/qwen/qwen_holdout_2019.jsonl,C:\Users\zianyy\Desktop\final\project\data\v43_losgo\fold01_I_SemiRigid_12cmAC\qwen\qwen_holdout_2019.jsonl,losgo_generator_data,Fold-specific generator split with held-out structures excluded,563145,4be586a7d31968fe62c20349def47779ace4361382f1d944cec975111dbd75ce,OK,232,
data/v43_losgo/fold01_I_SemiRigid_12cmAC/qwen/qwen_refit_2016_2018.jsonl,C:\Users\zianyy\Desktop\final\project\data\v43_losgo\fold01_I_SemiRigid_12cmAC\qwen\qwen_refit_2016_2018.jsonl,losgo_generator_data,Fold-specific generator split with held-out structures excluded,1354711,ffea18397f0605cac0fe68b26d58b1414ce2f47a7c38563d909d0afe17927d9b,OK,562,
data/v43_losgo/fold01_I_SemiRigid_12cmAC/qwen/qwen_train_2016_2017.jsonl,C:\Users\zianyy\Desktop\final\project\data\v43_losgo\fold01_I_SemiRigid_12cmAC\qwen\qwen_train_2016_2017.jsonl,losgo_generator_data,Fold-specific generator split with held-out structures excluded,615743,90ab7b9c96601ec29ea49e0da63168bd49dc0426a7cb943cc90aa3f5691e667b,OK,256,
data/v43_losgo/fold01_I_SemiRigid_12cmAC/qwen/refit_windows.csv,C:\Users\zianyy\Desktop\final\project\data\v43_losgo\fold01_I_SemiRigid_12cmAC\qwen\refit_windows.csv,losgo_generator_data,Fold-specific generator split with held-out structures excluded,374197,f58bef0bd5180f0a8361c65a0b7af165eb25f0d29167e681dcbdc82edee33741,OK,562,84
data/v43_losgo/fold01_I_SemiRigid_12cmAC/qwen/train_windows.csv,C:\Users\zianyy\Desktop\final\project\data\v43_losgo\fold01_I_SemiRigid_12cmAC\qwen\train_windows.csv,losgo_generator_data,Fold-specific generator split with held-out structures excluded,169659,d9f3eb9de9645d6d8c2a5126cfb6b4544a90e7487e6c4326aafdc17d666e368b,OK,256,84
data/v43_losgo/fold01_I_SemiRigid_12cmAC/qwen/v43_fold_manifest.json,C:\Users\zianyy\Desktop\final\project\data\v43_losgo\fold01_I_SemiRigid_12cmAC\qwen\v43_fold_manifest.json,losgo_generator_data,Fold-specific generator split with held-out structures excluded,1225,ff3174e8ed41a563d599a2520863def77e0c193be5c69621e879891508b67cba,OK,1,
data/v43_losgo/fold01_I_SemiRigid_12cmAC/updates/qwen_Q050_A1.csv,C:\Users\zianyy\Desktop\final\project\data\v43_losgo\fold01_I_SemiRigid_12cmAC\updates\qwen_Q050_A1.csv,losgo_synthetic_update,Fold-specific Qwen Q50 update (downstream_update_rows),67472,0dea3f263ca4ccf505b779c4ef164bd12fd13f7c99cb8f71dff22387e0c9ee82,OK,318,35
data/v43_losgo/fold01_I_SemiRigid_12cmAC/updates/qwen_Q050_A1_states.csv,C:\Users\zianyy\Desktop\final\project\data\v43_losgo\fold01_I_SemiRigid_12cmAC\updates\qwen_Q050_A1_states.csv,losgo_synthetic_update,Fold-specific Qwen Q50 update (state_trajectory),12653,5741fc7c7a75bb4e2c58eb575077f110ffc0a102d5b68c3534eeaa7e9da16482,OK,320,6
data/v43_losgo/fold01_I_SemiRigid_12cmAC/updates/qwen_Q050_A2.csv,C:\Users\zianyy\Desktop\final\project\data\v43_losgo\fold01_I_SemiRigid_12cmAC\updates\qwen_Q050_A2.csv,losgo_synthetic_update,Fold-specific Qwen Q50 update (downstream_update_rows),67271,b497a23853ec6588dc06c0e1464f95acd2ad6fa6f7d34487962cc31dfe78d7f8,OK,318,35
data/v43_losgo/fold01_I_SemiRigid_12cmAC/updates/qwen_Q050_A2_states.csv,C:\Users\zianyy\Desktop\final\project\data\v43_losgo\fold01_I_SemiRigid_12cmAC\updates\qwen_Q050_A2_states.csv,losgo_synthetic_update,Fold-specific Qwen Q50 update (state_trajectory),12712,64bb87b35c51483e19d05311537ce6141708c91672c2c32d60c4287252d90d89,OK,320,6
data/v43_losgo/fold01_I_SemiRigid_12cmAC/updates/qwen_Q050_A3.csv,C:\Users\zianyy\Desktop\final\project\data\v43_losgo\fold01_I_SemiRigid_12cmAC\updates\qwen_Q050_A3.csv,losgo_synthetic_update,Fold-specific Qwen Q50 update (downstream_update_rows),67833,2ba2114e5f1bd9e3e108608484e929bfab4e70edb503658d89450f2850393161,OK,318,35
data/v43_losgo/fold01_I_SemiRigid_12cmAC/updates/qwen_Q050_A3_states.csv,C:\Users\zianyy\Desktop\final\project\data\v43_losgo\fold01_I_SemiRigid_12cmAC\updates\qwen_Q050_A3_states.csv,losgo_synthetic_update,Fold-specific Qwen Q50 update (state_trajectory),12721,2fa6032748d4c16e9fe28efcd7d4bb70fff7e1469f9cb6ebdb122d390104739a,OK,320,6
data/v43_losgo/fold01_I_SemiRigid_12cmAC/updates/qwen_Q050_A4.csv,C:\Users\zianyy\Desktop\final\project\data\v43_losgo\fold01_I_SemiRigid_12cmAC\updates\qwen_Q050_A4.csv,losgo_synthetic_update,Fold-specific Qwen Q50 update (downstream_update_rows),67670,ec86df2d822e877dd07d44872908adb1fb00480c9b32c21ac480319f51326bd9,OK,318,35
data/v43_losgo/fold01_I_SemiRigid_12cmAC/updates/qwen_Q050_A4_states.csv,C:\Users\zianyy\Desktop\final\project\data\v43_losgo\fold01_I_SemiRigid_12cmAC\updates\qwen_Q050_A4_states.csv,losgo_synthetic_update,Fold-specific Qwen Q50 update (state_trajectory),12886,6d83bb5e90d7ff4c6f25f80c6bf4dfa9648a3163be579cd89d22b61c0863d8c2,OK,320,6
data/v43_losgo/fold01_I_SemiRigid_12cmAC/updates/qwen_Q050_A5.csv,C:\Users\zianyy\Desktop\final\project\data\v43_losgo\fold01_I_SemiRigid_12cmAC\updates\qwen_Q050_A5.csv,losgo_synthetic_update,Fold-specific Qwen Q50 update (downstream_update_rows),67736,924cb9322f8777753e857369eeaadfa40cd0fc8ac5e7653db5386a99ae5753c6,OK,318,35
data/v43_losgo/fold01_I_SemiRigid_12cmAC/updates/qwen_Q050_A5_states.csv,C:\Users\zianyy\Desktop\final\project\data\v43_losgo\fold01_I_SemiRigid_12cmAC\updates\qwen_Q050_A5_states.csv,losgo_synthetic_update,Fold-specific Qwen Q50 update (state_trajectory),12781,34125f02455b206d795a657318ce0cf9f4d587f0883f85053d28eac4933728a5,OK,320,6
data/v43_losgo/fold02_II_RigidComposite_12cmAC/qwen/dev_windows.csv,C:\Users\zianyy\Desktop\final\project\data\v43_losgo\fold02_II_RigidComposite_12cmAC\qwen\dev_windows.csv,losgo_generator_data,Fold-specific generator split with held-out structures excluded,178754,39422cd6258863f3c308a3ffa6a4ce2eb3e3697b78d039d7f20eef5d9cd95d30,OK,259,84
data/v43_losgo/fold02_II_RigidComposite_12cmAC/qwen/holdout_windows.csv,C:\Users\zianyy\Desktop\final\project\data\v43_losgo\fold02_II_RigidComposite_12cmAC\qwen\holdout_windows.csv,losgo_generator_data,Fold-specific generator split with held-out structures excluded,173522,0e2e1bb98c1604274a108634511bb844722520052f873f3de8f7440e07b16db4,OK,251,84
data/v43_losgo/fold02_II_RigidComposite_12cmAC/qwen/qwen_chronological_manifest.json,C:\Users\zianyy\Desktop\final\project\data\v43_losgo\fold02_II_RigidComposite_12cmAC\qwen\qwen_chronological_manifest.json,losgo_generator_data,Fold-specific generator split with held-out structures excluded,541,cc0d9f6073d07820cfb3b9494193631e68af8c91e61b15759419a9a324a2fee3,OK,1,
data/v43_losgo/fold02_II_RigidComposite_12cmAC/qwen/qwen_dev_2018.jsonl,C:\Users\zianyy\Desktop\final\project\data\v43_losgo\fold02_II_RigidComposite_12cmAC\qwen\qwen_dev_2018.jsonl,losgo_generator_data,Fold-specific generator split with held-out structures excluded,630051,c1827c49a00a9576a1f106769038768e275b3475c16616b01c845d6bc46810d7,OK,259,
data/v43_losgo/fold02_II_RigidComposite_12cmAC/qwen/qwen_holdout_2019.jsonl,C:\Users\zianyy\Desktop\final\project\data\v43_losgo\fold02_II_RigidComposite_12cmAC\qwen\qwen_holdout_2019.jsonl,losgo_generator_data,Fold-specific generator split with held-out structures excluded,609230,ce015c473e580c07986e952d3714bd21919c3d3fb797afbedd004d7a8dc27994,OK,251,
data/v43_losgo/fold02_II_RigidComposite_12cmAC/qwen/qwen_refit_2016_2018.jsonl,C:\Users\zianyy\Desktop\final\project\data\v43_losgo\fold02_II_RigidComposite_12cmAC\qwen\qwen_refit_2016_2018.jsonl,losgo_generator_data,Fold-specific generator split with held-out structures excluded,1484930,693c83c50ef9f36e208c80e7e2158730edfbb98359bb093c0ebf88b207ef10a1,OK,616,
data/v43_losgo/fold02_II_RigidComposite_12cmAC/qwen/qwen_train_2016_2017.jsonl,C:\Users\zianyy\Desktop\final\project\data\v43_losgo\fold02_II_RigidComposite_12cmAC\qwen\qwen_train_2016_2017.jsonl,losgo_generator_data,Fold-specific generator split with held-out structures excluded,654136,e432e6d5b136ec05d11578519d26564d7ad98cf8d9aed4f5896dba158cd8fc72,OK,272,
data/v43_losgo/fold02_II_RigidComposite_12cmAC/qwen/refit_windows.csv,C:\Users\zianyy\Desktop\final\project\data\v43_losgo\fold02_II_RigidComposite_12cmAC\qwen\refit_windows.csv,losgo_generator_data,Fold-specific generator split with held-out structures excluded,409251,e093dbeeb4e7ab8061f04ed762790ad96f7732a5fa9b5b8cba9fa7a782944927,OK,616,84
data/v43_losgo/fold02_II_RigidComposite_12cmAC/qwen/train_windows.csv,C:\Users\zianyy\Desktop\final\project\data\v43_losgo\fold02_II_RigidComposite_12cmAC\qwen\train_windows.csv,losgo_generator_data,Fold-specific generator split with held-out structures excluded,179677,d15fea3f5d803d82a116cd82b7eaa9c8bcb423fa17ee727e78f9bce42c31ede1,OK,272,84
data/v43_losgo/fold02_II_RigidComposite_12cmAC/qwen/v43_fold_manifest.json,C:\Users\zianyy\Desktop\final\project\data\v43_losgo\fold02_II_RigidComposite_12cmAC\qwen\v43_fold_manifest.json,losgo_generator_data,Fold-specific generator split with held-out structures excluded,1231,e8cce0f912129f4076a88662ff3c97b33acf3d76c62b7b5cd9d5778c8e1bb50d,OK,1,
data/v43_losgo/fold02_II_RigidComposite_12cmAC/updates/qwen_Q050_A1.csv,C:\Users\zianyy\Desktop\final\project\data\v43_losgo\fold02_II_RigidComposite_12cmAC\updates\qwen_Q050_A1.csv,losgo_synthetic_update,Fold-specific Qwen Q50 update (downstream_update_rows),72049,2c5f71d687cd525130ecfbbb0139e77c2021c39eb250724b8035388deb2d0ff3,OK,339,35
data/v43_losgo/fold02_II_RigidComposite_12cmAC/updates/qwen_Q050_A1_states.csv,C:\Users\zianyy\Desktop\final\project\data\v43_losgo\fold02_II_RigidComposite_12cmAC\updates\qwen_Q050_A1_states.csv,losgo_synthetic_update,Fold-specific Qwen Q50 update (state_trajectory),13583,4c9f51ea49a3657fe68c5a3dc8f5406fdd2ff80c5cfbd21f70f1999a2533d021,OK,340,6
data/v43_losgo/fold02_II_RigidComposite_12cmAC/updates/qwen_Q050_A2.csv,C:\Users\zianyy\Desktop\final\project\data\v43_losgo\fold02_II_RigidComposite_12cmAC\updates\qwen_Q050_A2.csv,losgo_synthetic_update,Fold-specific Qwen Q50 update (downstream_update_rows),72064,c7ed9d2faa6f0025d108323902e12abda92c3129320e83d04e1e42626d14815e,OK,339,35
data/v43_losgo/fold02_II_RigidComposite_12cmAC/updates/qwen_Q050_A2_states.csv,C:\Users\zianyy\Desktop\final\project\data\v43_losgo\fold02_II_RigidComposite_12cmAC\updates\qwen_Q050_A2_states.csv,losgo_synthetic_update,Fold-specific Qwen Q50 update (state_trajectory),13451,1e4e0b9698cb3b09d32794e1d71e8d8b985e2ea4b6b62450844d16d96c1941aa,OK,340,6
data/v43_losgo/fold02_II_RigidComposite_12cmAC/updates/qwen_Q050_A3.csv,C:\Users\zianyy\Desktop\final\project\data\v43_losgo\fold02_II_RigidComposite_12cmAC\updates\qwen_Q050_A3.csv,losgo_synthetic_update,Fold-specific Qwen Q50 update (downstream_update_rows),71988,96ee6fbea706016eac33da027ff65f060bea98ba301f80900bde731787eb716d,OK,339,35
data/v43_losgo/fold02_II_RigidComposite_12cmAC/updates/qwen_Q050_A3_states.csv,C:\Users\zianyy\Desktop\final\project\data\v43_losgo\fold02_II_RigidComposite_12cmAC\updates\qwen_Q050_A3_states.csv,losgo_synthetic_update,Fold-specific Qwen Q50 update (state_trajectory),13416,f8803c522117335bdaea64bfd9a2b22d17daae52057407ddfca7184f021cb32b,OK,340,6
data/v43_losgo/fold02_II_RigidComposite_12cmAC/updates/qwen_Q050_A4.csv,C:\Users\zianyy\Desktop\final\project\data\v43_losgo\fold02_II_RigidComposite_12cmAC\updates\qwen_Q050_A4.csv,losgo_synthetic_update,Fold-specific Qwen Q50 update (downstream_update_rows),71554,b7499ffccc5307e06ec8e56cfae9349d809099a9c426e9d817ce50309976a125,OK,339,35
data/v43_losgo/fold02_II_RigidComposite_12cmAC/updates/qwen_Q050_A4_states.csv,C:\Users\zianyy\Desktop\final\project\data\v43_losgo\fold02_II_RigidComposite_12cmAC\updates\qwen_Q050_A4_states.csv,losgo_synthetic_update,Fold-specific Qwen Q50 update (state_trajectory),13398,e8394d7af55782a55bdae2c6ff1b5a9a0a1c7eb1dc63751dbc96c9d8bdcb1ba7,OK,340,6
data/v43_losgo/fold02_II_RigidComposite_12cmAC/updates/qwen_Q050_A5.csv,C:\Users\zianyy\Desktop\final\project\data\v43_losgo\fold02_II_RigidComposite_12cmAC\updates\qwen_Q050_A5.csv,losgo_synthetic_update,Fold-specific Qwen Q50 update (downstream_update_rows),71944,2122d7e8b2615330c2ef181c7cfd9b8130ed0da641552ade3876f743ba49ea16,OK,339,35
data/v43_losgo/fold02_II_RigidComposite_12cmAC/updates/qwen_Q050_A5_states.csv,C:\Users\zianyy\Desktop\final\project\data\v43_losgo\fold02_II_RigidComposite_12cmAC\updates\qwen_Q050_A5_states.csv,losgo_synthetic_update,Fold-specific Qwen Q50 update (state_trajectory),13475,a292ee00cf3569c9327f605d7c91bed0f82b73dc906dfa1ae5b5631e4726f3dc,OK,340,6
data/v43_losgo/fold03_III_SemiRigid_16_18cmAC/qwen/dev_windows.csv,C:\Users\zianyy\Desktop\final\project\data\v43_losgo\fold03_III_SemiRigid_16_18cmAC\qwen\dev_windows.csv,losgo_generator_data,Fold-specific generator split with held-out structures excluded,145199,ca7b68af0bc0e0346f6dc9d52ddcc6df92dcef189ca5773dc44ce161d727ffd0,OK,210,84
data/v43_losgo/fold03_III_SemiRigid_16_18cmAC/qwen/holdout_windows.csv,C:\Users\zianyy\Desktop\final\project\data\v43_losgo\fold03_III_SemiRigid_16_18cmAC\qwen\holdout_windows.csv,losgo_generator_data,Fold-specific generator split with held-out structures excluded,152981,f170732033bc16c36d94c1788f2268dc24982881e94ae35d7797a4802fc6ab3e,OK,221,84
data/v43_losgo/fold03_III_SemiRigid_16_18cmAC/qwen/qwen_chronological_manifest.json,C:\Users\zianyy\Desktop\final\project\data\v43_losgo\fold03_III_SemiRigid_16_18cmAC\qwen\qwen_chronological_manifest.json,losgo_generator_data,Fold-specific generator split with held-out structures excluded,541,9f1762b5f94a16c9057dc139a1d3ae2183e0bab84b6eb1f7005a08bba4e94a9a,OK,1,
data/v43_losgo/fold03_III_SemiRigid_16_18cmAC/qwen/qwen_dev_2018.jsonl,C:\Users\zianyy\Desktop\final\project\data\v43_losgo\fold03_III_SemiRigid_16_18cmAC\qwen\qwen_dev_2018.jsonl,losgo_generator_data,Fold-specific generator split with held-out structures excluded,510842,6cd8e9efb982a6ae0bfb7c45e9fa198e89f52b5761a55a2e5cc1adea3abd1f22,OK,210,
data/v43_losgo/fold03_III_SemiRigid_16_18cmAC/qwen/qwen_holdout_2019.jsonl,C:\Users\zianyy\Desktop\final\project\data\v43_losgo\fold03_III_SemiRigid_16_18cmAC\qwen\qwen_holdout_2019.jsonl,losgo_generator_data,Fold-specific generator split with held-out structures excluded,536470,acdba18c1a52fbf2ef3bdc806137a80151f36c78b6296e8753d9ec42347d2e0a,OK,221,
data/v43_losgo/fold03_III_SemiRigid_16_18cmAC/qwen/qwen_refit_2016_2018.jsonl,C:\Users\zianyy\Desktop\final\project\data\v43_losgo\fold03_III_SemiRigid_16_18cmAC\qwen\qwen_refit_2016_2018.jsonl,losgo_generator_data,Fold-specific generator split with held-out structures excluded,1262697,7c47db8d5c8e5f794cba83433a36cc6afa456446da913661c491ea71c9f95827,OK,524,
data/v43_losgo/fold03_III_SemiRigid_16_18cmAC/qwen/qwen_train_2016_2017.jsonl,C:\Users\zianyy\Desktop\final\project\data\v43_losgo\fold03_III_SemiRigid_16_18cmAC\qwen\qwen_train_2016_2017.jsonl,losgo_generator_data,Fold-specific generator split with held-out structures excluded,577080,29b77cd23ebffed3bc72eb507e73183009916b53103a5aadbb777d7b9619fe5f,OK,240,
data/v43_losgo/fold03_III_SemiRigid_16_18cmAC/qwen/refit_windows.csv,C:\Users\zianyy\Desktop\final\project\data\v43_losgo\fold03_III_SemiRigid_16_18cmAC\qwen\refit_windows.csv,losgo_generator_data,Fold-specific generator split with held-out structures excluded,347568,7ea8896326807dbfcc9c307f900e32778e12940cf54e2d9fddcbad875ee25b6c,OK,524,84
data/v43_losgo/fold03_III_SemiRigid_16_18cmAC/qwen/train_windows.csv,C:\Users\zianyy\Desktop\final\project\data\v43_losgo\fold03_III_SemiRigid_16_18cmAC\qwen\train_windows.csv,losgo_generator_data,Fold-specific generator split with held-out structures excluded,158427,034e5f9f7fae009addc299beea17f0923a5528e422101fc0c7270d354819e22a,OK,240,84
data/v43_losgo/fold03_III_SemiRigid_16_18cmAC/qwen/v43_fold_manifest.json,C:\Users\zianyy\Desktop\final\project\data\v43_losgo\fold03_III_SemiRigid_16_18cmAC\qwen\v43_fold_manifest.json,losgo_generator_data,Fold-specific generator split with held-out structures excluded,1230,ebcd2884ed7443710e4daa335eb6f78cf3188b4c5d99d87c7f6ed3557e243422,OK,1,
data/v43_losgo/fold03_III_SemiRigid_16_18cmAC/updates/qwen_Q050_A1.csv,C:\Users\zianyy\Desktop\final\project\data\v43_losgo\fold03_III_SemiRigid_16_18cmAC\updates\qwen_Q050_A1.csv,losgo_synthetic_update,Fold-specific Qwen Q50 update (downstream_update_rows),63178,3d83662de9edc1f204b3c9897b84eaba298a57995d43d06660cca6f29bdb9a92,OK,299,35
data/v43_losgo/fold03_III_SemiRigid_16_18cmAC/updates/qwen_Q050_A1_states.csv,C:\Users\zianyy\Desktop\final\project\data\v43_losgo\fold03_III_SemiRigid_16_18cmAC\updates\qwen_Q050_A1_states.csv,losgo_synthetic_update,Fold-specific Qwen Q50 update (state_trajectory),11824,a3b4c09ff784599b5c672ed16385bdd350c62d5f3a3a900c361662b02de7e082,OK,300,6
data/v43_losgo/fold03_III_SemiRigid_16_18cmAC/updates/qwen_Q050_A2.csv,C:\Users\zianyy\Desktop\final\project\data\v43_losgo\fold03_III_SemiRigid_16_18cmAC\updates\qwen_Q050_A2.csv,losgo_synthetic_update,Fold-specific Qwen Q50 update (downstream_update_rows),63791,b488ee23befd82f2a11a770624808f439c196da773a63a0839950b928f54ad95,OK,299,35
data/v43_losgo/fold03_III_SemiRigid_16_18cmAC/updates/qwen_Q050_A2_states.csv,C:\Users\zianyy\Desktop\final\project\data\v43_losgo\fold03_III_SemiRigid_16_18cmAC\updates\qwen_Q050_A2_states.csv,losgo_synthetic_update,Fold-specific Qwen Q50 update (state_trajectory),12006,a24367e027910add0b047fc24d9760a1cec16abb4431df19e3eb2f5761f0871f,OK,300,6
data/v43_losgo/fold03_III_SemiRigid_16_18cmAC/updates/qwen_Q050_A3.csv,C:\Users\zianyy\Desktop\final\project\data\v43_losgo\fold03_III_SemiRigid_16_18cmAC\updates\qwen_Q050_A3.csv,losgo_synthetic_update,Fold-specific Qwen Q50 update (downstream_update_rows),63682,bdc013a8bb55287077a3afafad62f7d90d9b0a9e330eb01761168ab0e06886d2,OK,299,35
data/v43_losgo/fold03_III_SemiRigid_16_18cmAC/updates/qwen_Q050_A3_states.csv,C:\Users\zianyy\Desktop\final\project\data\v43_losgo\fold03_III_SemiRigid_16_18cmAC\updates\qwen_Q050_A3_states.csv,losgo_synthetic_update,Fold-specific Qwen Q50 update (state_trajectory),12020,248fe4602f906e65b2442fa96c2190b303fbc2ce41dbb68686b7c0ac43a6b86a,OK,300,6
data/v43_losgo/fold03_III_SemiRigid_16_18cmAC/updates/qwen_Q050_A4.csv,C:\Users\zianyy\Desktop\final\project\data\v43_losgo\fold03_III_SemiRigid_16_18cmAC\updates\qwen_Q050_A4.csv,losgo_synthetic_update,Fold-specific Qwen Q50 update (downstream_update_rows),63047,fca2dfad5669de4c11ac8fc624b3df7ab21a79c5b31ccc8160b88744c9c47f11,OK,299,35
data/v43_losgo/fold03_III_SemiRigid_16_18cmAC/updates/qwen_Q050_A4_states.csv,C:\Users\zianyy\Desktop\final\project\data\v43_losgo\fold03_III_SemiRigid_16_18cmAC\updates\qwen_Q050_A4_states.csv,losgo_synthetic_update,Fold-specific Qwen Q50 update (state_trajectory),11674,9d098c4d08ff239887f9d0e894e244538bf8dda9e04b4a6240357219a2d44c78,OK,300,6
data/v43_losgo/fold03_III_SemiRigid_16_18cmAC/updates/qwen_Q050_A5.csv,C:\Users\zianyy\Desktop\final\project\data\v43_losgo\fold03_III_SemiRigid_16_18cmAC\updates\qwen_Q050_A5.csv,losgo_synthetic_update,Fold-specific Qwen Q50 update (downstream_update_rows),63376,0010d7c6cb284601154dee1891fe47d70a16bf3ed7d3b8372a9211b8ea8c6c75,OK,299,35
data/v43_losgo/fold03_III_SemiRigid_16_18cmAC/updates/qwen_Q050_A5_states.csv,C:\Users\zianyy\Desktop\final\project\data\v43_losgo\fold03_III_SemiRigid_16_18cmAC\updates\qwen_Q050_A5_states.csv,losgo_synthetic_update,Fold-specific Qwen Q50 update (state_trajectory),11885,57d00c6b8a8480039729b2d86c3acfbcd12239e9fdb2fbc10d88f56403b236c6,OK,300,6
data/v43_losgo/fold04_IV_Inverted_24_28cmAC/qwen/dev_windows.csv,C:\Users\zianyy\Desktop\final\project\data\v43_losgo\fold04_IV_Inverted_24_28cmAC\qwen\dev_windows.csv,losgo_generator_data,Fold-specific generator split with held-out structures excluded,172184,3a0f5986cb09efff42a5d052aaa7dd82978f41a14c21a961b9ea092388db634f,OK,250,84
data/v43_losgo/fold04_IV_Inverted_24_28cmAC/qwen/holdout_windows.csv,C:\Users\zianyy\Desktop\final\project\data\v43_losgo\fold04_IV_Inverted_24_28cmAC\qwen\holdout_windows.csv,losgo_generator_data,Fold-specific generator split with held-out structures excluded,169833,9c2d9629c54aa90262afb0edb81c52ae0fdea8ab3ac62ba5d56bedfd18dd7b4d,OK,247,84
data/v43_losgo/fold04_IV_Inverted_24_28cmAC/qwen/qwen_chronological_manifest.json,C:\Users\zianyy\Desktop\final\project\data\v43_losgo\fold04_IV_Inverted_24_28cmAC\qwen\qwen_chronological_manifest.json,losgo_generator_data,Fold-specific generator split with held-out structures excluded,541,a0610a3a0c16ef22ab8dc086efbd70d2768dae3f2ac6929d9831423c9833a5cd,OK,1,
data/v43_losgo/fold04_IV_Inverted_24_28cmAC/qwen/qwen_dev_2018.jsonl,C:\Users\zianyy\Desktop\final\project\data\v43_losgo\fold04_IV_Inverted_24_28cmAC\qwen\qwen_dev_2018.jsonl,losgo_generator_data,Fold-specific generator split with held-out structures excluded,608046,c4d77d3216a7572ac90a2258a3ef9e627abf76fa8c65cff512b3b466e075ea86,OK,250,
data/v43_losgo/fold04_IV_Inverted_24_28cmAC/qwen/qwen_holdout_2019.jsonl,C:\Users\zianyy\Desktop\final\project\data\v43_losgo\fold04_IV_Inverted_24_28cmAC\qwen\qwen_holdout_2019.jsonl,losgo_generator_data,Fold-specific generator split with held-out structures excluded,599051,ef7caea19e6fec18acbd42b7dd95672f88c75281682ec4237e0ab2f5a703a853,OK,247,
data/v43_losgo/fold04_IV_Inverted_24_28cmAC/qwen/qwen_refit_2016_2018.jsonl,C:\Users\zianyy\Desktop\final\project\data\v43_losgo\fold04_IV_Inverted_24_28cmAC\qwen\qwen_refit_2016_2018.jsonl,losgo_generator_data,Fold-specific generator split with held-out structures excluded,1460658,9690e56929a7a253cfba250eb2c7ff1a17d1dfcf1126fadc2256b91d0f2805ab,OK,606,
data/v43_losgo/fold04_IV_Inverted_24_28cmAC/qwen/qwen_train_2016_2017.jsonl,C:\Users\zianyy\Desktop\final\project\data\v43_losgo\fold04_IV_Inverted_24_28cmAC\qwen\qwen_train_2016_2017.jsonl,losgo_generator_data,Fold-specific generator split with held-out structures excluded,654188,3ad6f9f8f73a3434fb325c0ed534fe890f0a8692a83ea1c02f2532367f9256eb,OK,272,
data/v43_losgo/fold04_IV_Inverted_24_28cmAC/qwen/refit_windows.csv,C:\Users\zianyy\Desktop\final\project\data\v43_losgo\fold04_IV_Inverted_24_28cmAC\qwen\refit_windows.csv,losgo_generator_data,Fold-specific generator split with held-out structures excluded,403138,ac484e414f82f84dd257d2c3fce147b562c8546616b113d518f06e4474be1652,OK,606,84
data/v43_losgo/fold04_IV_Inverted_24_28cmAC/qwen/train_windows.csv,C:\Users\zianyy\Desktop\final\project\data\v43_losgo\fold04_IV_Inverted_24_28cmAC\qwen\train_windows.csv,losgo_generator_data,Fold-specific generator split with held-out structures excluded,180479,8467bc97e99a4e3bbcfebdb8039915e783dd38c755f865e57e3ff49309b349b4,OK,272,84
data/v43_losgo/fold04_IV_Inverted_24_28cmAC/qwen/v43_fold_manifest.json,C:\Users\zianyy\Desktop\final\project\data\v43_losgo\fold04_IV_Inverted_24_28cmAC\qwen\v43_fold_manifest.json,losgo_generator_data,Fold-specific generator split with held-out structures excluded,1228,208724939c52c911dd955e99b530eb6ec8763ffc77fc4c9d8dbde7d198d2266c,OK,1,
data/v43_losgo/fold04_IV_Inverted_24_28cmAC/updates/qwen_Q050_A1.csv,C:\Users\zianyy\Desktop\final\project\data\v43_losgo\fold04_IV_Inverted_24_28cmAC\updates\qwen_Q050_A1.csv,losgo_synthetic_update,Fold-specific Qwen Q50 update (downstream_update_rows),71646,6154d1511ae0b0b269e8eb9293802e04991e9461a8b39c2290c18ab47d96d917,OK,338,35
data/v43_losgo/fold04_IV_Inverted_24_28cmAC/updates/qwen_Q050_A1_states.csv,C:\Users\zianyy\Desktop\final\project\data\v43_losgo\fold04_IV_Inverted_24_28cmAC\updates\qwen_Q050_A1_states.csv,losgo_synthetic_update,Fold-specific Qwen Q50 update (state_trajectory),13313,49e585be08db860c0bf4c143ea595a49b121355189f13e086c0530560d56db53,OK,340,6
data/v43_losgo/fold04_IV_Inverted_24_28cmAC/updates/qwen_Q050_A2.csv,C:\Users\zianyy\Desktop\final\project\data\v43_losgo\fold04_IV_Inverted_24_28cmAC\updates\qwen_Q050_A2.csv,losgo_synthetic_update,Fold-specific Qwen Q50 update (downstream_update_rows),70775,98e2a8309a2ff276b3a25d7998dcf9afd9c3f167e8ceb3212b5a63c3bcf68ce8,OK,338,35
data/v43_losgo/fold04_IV_Inverted_24_28cmAC/updates/qwen_Q050_A2_states.csv,C:\Users\zianyy\Desktop\final\project\data\v43_losgo\fold04_IV_Inverted_24_28cmAC\updates\qwen_Q050_A2_states.csv,losgo_synthetic_update,Fold-specific Qwen Q50 update (state_trajectory),13131,9e227cdec72431f12b5f50233ddb714119768b37cfdcd114a43590d90affb560,OK,340,6
data/v43_losgo/fold04_IV_Inverted_24_28cmAC/updates/qwen_Q050_A3.csv,C:\Users\zianyy\Desktop\final\project\data\v43_losgo\fold04_IV_Inverted_24_28cmAC\updates\qwen_Q050_A3.csv,losgo_synthetic_update,Fold-specific Qwen Q50 update (downstream_update_rows),71757,bd08bc45caaa6108bc801c0171a7816af383d8f8c321571ab8d270a9567199d0,OK,338,35
data/v43_losgo/fold04_IV_Inverted_24_28cmAC/updates/qwen_Q050_A3_states.csv,C:\Users\zianyy\Desktop\final\project\data\v43_losgo\fold04_IV_Inverted_24_28cmAC\updates\qwen_Q050_A3_states.csv,losgo_synthetic_update,Fold-specific Qwen Q50 update (state_trajectory),13383,02d1ab662370e72ecf99fa1b9fa824b88676fc0a6af4ba43698772e6709b440f,OK,340,6
data/v43_losgo/fold04_IV_Inverted_24_28cmAC/updates/qwen_Q050_A4.csv,C:\Users\zianyy\Desktop\final\project\data\v43_losgo\fold04_IV_Inverted_24_28cmAC\updates\qwen_Q050_A4.csv,losgo_synthetic_update,Fold-specific Qwen Q50 update (downstream_update_rows),71560,3ed458b756b4fdde06a86cc86c71125cc69b513c499fbac5a94c52dcd69fbc75,OK,338,35
data/v43_losgo/fold04_IV_Inverted_24_28cmAC/updates/qwen_Q050_A4_states.csv,C:\Users\zianyy\Desktop\final\project\data\v43_losgo\fold04_IV_Inverted_24_28cmAC\updates\qwen_Q050_A4_states.csv,losgo_synthetic_update,Fold-specific Qwen Q50 update (state_trajectory),13328,b7d9ee4ae9b0182303863d2af87932bdcdbf75891bc2b627a531f8a17a05f53c,OK,340,6
data/v43_losgo/fold04_IV_Inverted_24_28cmAC/updates/qwen_Q050_A5.csv,C:\Users\zianyy\Desktop\final\project\data\v43_losgo\fold04_IV_Inverted_24_28cmAC\updates\qwen_Q050_A5.csv,losgo_synthetic_update,Fold-specific Qwen Q50 update (downstream_update_rows),71736,4499d3488c48e5afb50946972b3cb6d53a6581afd80883212e32f1f2efd78c94,OK,338,35
data/v43_losgo/fold04_IV_Inverted_24_28cmAC/updates/qwen_Q050_A5_states.csv,C:\Users\zianyy\Desktop\final\project\data\v43_losgo\fold04_IV_Inverted_24_28cmAC\updates\qwen_Q050_A5_states.csv,losgo_synthetic_update,Fold-specific Qwen Q50 update (state_trajectory),13437,6eabbd11afd5a2256c90640d47aa2281c45fd56e39914e973b5cae43b45c78b1,OK,340,6
data/v43_losgo/fold05_V_ThickAC_I_24_28cm/qwen/dev_windows.csv,C:\Users\zianyy\Desktop\final\project\data\v43_losgo\fold05_V_ThickAC_I_24_28cm\qwen\dev_windows.csv,losgo_generator_data,Fold-specific generator split with held-out structures excluded,164536,191b71616500c4b8a649e1371dfb9c7077586bdfad1673b5f42285d6133a89f4,OK,239,84
data/v43_losgo/fold05_V_ThickAC_I_24_28cm/qwen/holdout_windows.csv,C:\Users\zianyy\Desktop\final\project\data\v43_losgo\fold05_V_ThickAC_I_24_28cm\qwen\holdout_windows.csv,losgo_generator_data,Fold-specific generator split with held-out structures excluded,159733,76fe8f713856d766ccc34e98c6db47c03e342ccb046e4621bc7d59bfd1ed96b2,OK,232,84
data/v43_losgo/fold05_V_ThickAC_I_24_28cm/qwen/qwen_chronological_manifest.json,C:\Users\zianyy\Desktop\final\project\data\v43_losgo\fold05_V_ThickAC_I_24_28cm\qwen\qwen_chronological_manifest.json,losgo_generator_data,Fold-specific generator split with held-out structures excluded,541,7edf7d50380a603dd1645dbbd44f3986178ae60fae45286e894f1d2a3392cc96,OK,1,
data/v43_losgo/fold05_V_ThickAC_I_24_28cm/qwen/qwen_dev_2018.jsonl,C:\Users\zianyy\Desktop\final\project\data\v43_losgo\fold05_V_ThickAC_I_24_28cm\qwen\qwen_dev_2018.jsonl,losgo_generator_data,Fold-specific generator split with held-out structures excluded,581263,19410910169794f14f8b3d5f13aa449e4f2bcfb524484ec14da0aeec1fed7122,OK,239,
data/v43_losgo/fold05_V_ThickAC_I_24_28cm/qwen/qwen_holdout_2019.jsonl,C:\Users\zianyy\Desktop\final\project\data\v43_losgo\fold05_V_ThickAC_I_24_28cm\qwen\qwen_holdout_2019.jsonl,losgo_generator_data,Fold-specific generator split with held-out structures excluded,562914,327765944ce35698c30d0f1ffdcd5cd25cef76af656e2f28cc40cfeefd867a08,OK,232,
data/v43_losgo/fold05_V_ThickAC_I_24_28cm/qwen/qwen_refit_2016_2018.jsonl,C:\Users\zianyy\Desktop\final\project\data\v43_losgo\fold05_V_ThickAC_I_24_28cm\qwen\qwen_refit_2016_2018.jsonl,losgo_generator_data,Fold-specific generator split with held-out structures excluded,1383354,7d1231de4a3311c4e8785837f712b75d3cb2e7c467f4ece2a1e2aeec6ae30c6d,OK,574,
data/v43_losgo/fold05_V_ThickAC_I_24_28cm/qwen/qwen_train_2016_2017.jsonl,C:\Users\zianyy\Desktop\final\project\data\v43_losgo\fold05_V_ThickAC_I_24_28cm\qwen\qwen_train_2016_2017.jsonl,losgo_generator_data,Fold-specific generator split with held-out structures excluded,615624,460b15860c8920ea1e98a885d5a726ceb9e6a15aca4d4bbb8b1d1de3c43ca16a,OK,256,
data/v43_losgo/fold05_V_ThickAC_I_24_28cm/qwen/refit_windows.csv,C:\Users\zianyy\Desktop\final\project\data\v43_losgo\fold05_V_ThickAC_I_24_28cm\qwen\refit_windows.csv,losgo_generator_data,Fold-specific generator split with held-out structures excluded,380992,dfaa2482d3637f974e7f9b07d87b40d212b32fc44c556e9addf27360add9cfe7,OK,574,84
data/v43_losgo/fold05_V_ThickAC_I_24_28cm/qwen/train_windows.csv,C:\Users\zianyy\Desktop\final\project\data\v43_losgo\fold05_V_ThickAC_I_24_28cm\qwen\train_windows.csv,losgo_generator_data,Fold-specific generator split with held-out structures excluded,169327,ef43ba88025b3a68f09624413affce8f5b3be98935560e999fd6505cfd093264,OK,256,84
data/v43_losgo/fold05_V_ThickAC_I_24_28cm/qwen/v43_fold_manifest.json,C:\Users\zianyy\Desktop\final\project\data\v43_losgo\fold05_V_ThickAC_I_24_28cm\qwen\v43_fold_manifest.json,losgo_generator_data,Fold-specific generator split with held-out structures excluded,1226,c6c018b5e81760cbeafa47cc7053f973b242055f7eedbfb3c635b6a3e24e4e15,OK,1,
data/v43_losgo/fold05_V_ThickAC_I_24_28cm/updates/qwen_Q050_A1.csv,C:\Users\zianyy\Desktop\final\project\data\v43_losgo\fold05_V_ThickAC_I_24_28cm\updates\qwen_Q050_A1.csv,losgo_synthetic_update,Fold-specific Qwen Q50 update (downstream_update_rows),67201,6e7102724a30ed652830bf3db2df94657958fdf4b4f2e30a27af4bf3b4e7c595,OK,318,35
data/v43_losgo/fold05_V_ThickAC_I_24_28cm/updates/qwen_Q050_A1_states.csv,C:\Users\zianyy\Desktop\final\project\data\v43_losgo\fold05_V_ThickAC_I_24_28cm\updates\qwen_Q050_A1_states.csv,losgo_synthetic_update,Fold-specific Qwen Q50 update (state_trajectory),12528,04aa765d6336a48d62dbd0592b4ca08a6a867b11cac161ff2ea7802b6e715303,OK,320,6
data/v43_losgo/fold05_V_ThickAC_I_24_28cm/updates/qwen_Q050_A2.csv,C:\Users\zianyy\Desktop\final\project\data\v43_losgo\fold05_V_ThickAC_I_24_28cm\updates\qwen_Q050_A2.csv,losgo_synthetic_update,Fold-specific Qwen Q50 update (downstream_update_rows),67397,46600b90a196314b80207343c5a09e4108ba42851c0ddaae65e91b8995e13b17,OK,318,35
data/v43_losgo/fold05_V_ThickAC_I_24_28cm/updates/qwen_Q050_A2_states.csv,C:\Users\zianyy\Desktop\final\project\data\v43_losgo\fold05_V_ThickAC_I_24_28cm\updates\qwen_Q050_A2_states.csv,losgo_synthetic_update,Fold-specific Qwen Q50 update (state_trajectory),12547,bcb650b55b8990f521422d16d0c3195ec5983fef1e1f6d970dd7c448ea0fb1bc,OK,320,6
data/v43_losgo/fold05_V_ThickAC_I_24_28cm/updates/qwen_Q050_A3.csv,C:\Users\zianyy\Desktop\final\project\data\v43_losgo\fold05_V_ThickAC_I_24_28cm\updates\qwen_Q050_A3.csv,losgo_synthetic_update,Fold-specific Qwen Q50 update (downstream_update_rows),66808,e677b730adf8504cc89ffe822791c4b6b3fff9cf070c16f6753f1d418af42128,OK,318,35
data/v43_losgo/fold05_V_ThickAC_I_24_28cm/updates/qwen_Q050_A3_states.csv,C:\Users\zianyy\Desktop\final\project\data\v43_losgo\fold05_V_ThickAC_I_24_28cm\updates\qwen_Q050_A3_states.csv,losgo_synthetic_update,Fold-specific Qwen Q50 update (state_trajectory),12404,a9fcfb553d0495223e76ca88de63f8a3911fad3cddd76971fe5bba310dd7e915,OK,320,6
data/v43_losgo/fold05_V_ThickAC_I_24_28cm/updates/qwen_Q050_A4.csv,C:\Users\zianyy\Desktop\final\project\data\v43_losgo\fold05_V_ThickAC_I_24_28cm\updates\qwen_Q050_A4.csv,losgo_synthetic_update,Fold-specific Qwen Q50 update (downstream_update_rows),67191,e62d30b0f1909fccf444d780e7ee1169948dbed6a52351eaaac29063cf61861d,OK,318,35
data/v43_losgo/fold05_V_ThickAC_I_24_28cm/updates/qwen_Q050_A4_states.csv,C:\Users\zianyy\Desktop\final\project\data\v43_losgo\fold05_V_ThickAC_I_24_28cm\updates\qwen_Q050_A4_states.csv,losgo_synthetic_update,Fold-specific Qwen Q50 update (state_trajectory),12575,5fa8a518ac2e13cb3c0cbbc512675071be29955691594759d5daadda7894e8df,OK,320,6
data/v43_losgo/fold05_V_ThickAC_I_24_28cm/updates/qwen_Q050_A5.csv,C:\Users\zianyy\Desktop\final\project\data\v43_losgo\fold05_V_ThickAC_I_24_28cm\updates\qwen_Q050_A5.csv,losgo_synthetic_update,Fold-specific Qwen Q50 update (downstream_update_rows),66912,7f6a916b23aa5d3b317cc413c7ee5b04a8808bcee6418f388e8b9d1d15fb2b64,OK,318,35
data/v43_losgo/fold05_V_ThickAC_I_24_28cm/updates/qwen_Q050_A5_states.csv,C:\Users\zianyy\Desktop\final\project\data\v43_losgo\fold05_V_ThickAC_I_24_28cm\updates\qwen_Q050_A5_states.csv,losgo_synthetic_update,Fold-specific Qwen Q50 update (state_trajectory),12412,5265f9b504b6fd881beeffb83814804be0e4859965523993c37aad627f8d5d8b,OK,320,6
data/v43_losgo/fold06_VI_ThickAC_II_36cm/qwen/dev_windows.csv,C:\Users\zianyy\Desktop\final\project\data\v43_losgo\fold06_VI_ThickAC_II_36cm\qwen\dev_windows.csv,losgo_generator_data,Fold-specific generator split with held-out structures excluded,160585,45d2cb812f4e05e8df2d44dae1be2b37864eb793333c69cee2dcac53534e730a,OK,233,84
data/v43_losgo/fold06_VI_ThickAC_II_36cm/qwen/holdout_windows.csv,C:\Users\zianyy\Desktop\final\project\data\v43_losgo\fold06_VI_ThickAC_II_36cm\qwen\holdout_windows.csv,losgo_generator_data,Fold-specific generator split with held-out structures excluded,159801,0f77e1422dbb082be0e8ccd02938a9c069ea902fbc8d61324459a6ba68b4cf5d,OK,232,84
data/v43_losgo/fold06_VI_ThickAC_II_36cm/qwen/qwen_chronological_manifest.json,C:\Users\zianyy\Desktop\final\project\data\v43_losgo\fold06_VI_ThickAC_II_36cm\qwen\qwen_chronological_manifest.json,losgo_generator_data,Fold-specific generator split with held-out structures excluded,541,f275cb3b5af4dbdd578790a3f6308255ae0f790d190ce5127672f4e34d9191c3,OK,1,
data/v43_losgo/fold06_VI_ThickAC_II_36cm/qwen/qwen_dev_2018.jsonl,C:\Users\zianyy\Desktop\final\project\data\v43_losgo\fold06_VI_ThickAC_II_36cm\qwen\qwen_dev_2018.jsonl,losgo_generator_data,Fold-specific generator split with held-out structures excluded,566696,71c40a98a54045d5d0ddfa7e01d0d6bcf5bc6edc7d6531fa38010713d1854fef,OK,233,
data/v43_losgo/fold06_VI_ThickAC_II_36cm/qwen/qwen_holdout_2019.jsonl,C:\Users\zianyy\Desktop\final\project\data\v43_losgo\fold06_VI_ThickAC_II_36cm\qwen\qwen_holdout_2019.jsonl,losgo_generator_data,Fold-specific generator split with held-out structures excluded,562897,e9900918d450aedcdbe35fa73ee8e1edd0258c74af8781f108c2e0f531099ff5,OK,232,
data/v43_losgo/fold06_VI_ThickAC_II_36cm/qwen/qwen_refit_2016_2018.jsonl,C:\Users\zianyy\Desktop\final\project\data\v43_losgo\fold06_VI_ThickAC_II_36cm\qwen\qwen_refit_2016_2018.jsonl,losgo_generator_data,Fold-specific generator split with held-out structures excluded,1368835,7142fb7d0bc639b3f61eddf523f94b93a0c47bff40c92f61b4e38db9f0f86d61,OK,568,
data/v43_losgo/fold06_VI_ThickAC_II_36cm/qwen/qwen_train_2016_2017.jsonl,C:\Users\zianyy\Desktop\final\project\data\v43_losgo\fold06_VI_ThickAC_II_36cm\qwen\qwen_train_2016_2017.jsonl,losgo_generator_data,Fold-specific generator split with held-out structures excluded,615549,f4b8d1ccb0b8cb3145722d1a986bda4f9ca5038d01e43e06015cc325634cf6b9,OK,256,
data/v43_losgo/fold06_VI_ThickAC_II_36cm/qwen/refit_windows.csv,C:\Users\zianyy\Desktop\final\project\data\v43_losgo\fold06_VI_ThickAC_II_36cm\qwen\refit_windows.csv,losgo_generator_data,Fold-specific generator split with held-out structures excluded,376952,0816734ddbd23b128f51d9fe3ff3de673fb67d7d46b4a7a31e8ec4e26cb6d562,OK,568,84
data/v43_losgo/fold06_VI_ThickAC_II_36cm/qwen/train_windows.csv,C:\Users\zianyy\Desktop\final\project\data\v43_losgo\fold06_VI_ThickAC_II_36cm\qwen\train_windows.csv,losgo_generator_data,Fold-specific generator split with held-out structures excluded,169292,5d3361966b7f4193ff2d8129b9c5407445f75dfb62d2f5914938ac5c5a62cbb6,OK,256,84
data/v43_losgo/fold06_VI_ThickAC_II_36cm/qwen/v43_fold_manifest.json,C:\Users\zianyy\Desktop\final\project\data\v43_losgo\fold06_VI_ThickAC_II_36cm\qwen\v43_fold_manifest.json,losgo_generator_data,Fold-specific generator split with held-out structures excluded,1225,712cfe2ccd627eaa1f4d43cabbc210ad51e3f852817037d90f8c472cf128109f,OK,1,
data/v43_losgo/fold06_VI_ThickAC_II_36cm/updates/qwen_Q050_A1.csv,C:\Users\zianyy\Desktop\final\project\data\v43_losgo\fold06_VI_ThickAC_II_36cm\updates\qwen_Q050_A1.csv,losgo_synthetic_update,Fold-specific Qwen Q50 update (downstream_update_rows),66872,986acbe824182ba5b6b0baee6081c077b305b621d0a70882d4c13c6880b1458d,OK,318,35
data/v43_losgo/fold06_VI_ThickAC_II_36cm/updates/qwen_Q050_A1_states.csv,C:\Users\zianyy\Desktop\final\project\data\v43_losgo\fold06_VI_ThickAC_II_36cm\updates\qwen_Q050_A1_states.csv,losgo_synthetic_update,Fold-specific Qwen Q50 update (state_trajectory),12452,6355805807c5def5121221c7b208179870c97d484735eb23f0cd94c96606b60c,OK,320,6
data/v43_losgo/fold06_VI_ThickAC_II_36cm/updates/qwen_Q050_A2.csv,C:\Users\zianyy\Desktop\final\project\data\v43_losgo\fold06_VI_ThickAC_II_36cm\updates\qwen_Q050_A2.csv,losgo_synthetic_update,Fold-specific Qwen Q50 update (downstream_update_rows),67103,d01bccd705af5b22937c987d02c6917132e23fa0be24e9c5154d654f19146e4d,OK,318,35
data/v43_losgo/fold06_VI_ThickAC_II_36cm/updates/qwen_Q050_A2_states.csv,C:\Users\zianyy\Desktop\final\project\data\v43_losgo\fold06_VI_ThickAC_II_36cm\updates\qwen_Q050_A2_states.csv,losgo_synthetic_update,Fold-specific Qwen Q50 update (state_trajectory),12440,d0503b0cfd76c2e49735e19e048e7aed619d2f8aadd62079dae3af8d94a047ae,OK,320,6
data/v43_losgo/fold06_VI_ThickAC_II_36cm/updates/qwen_Q050_A3.csv,C:\Users\zianyy\Desktop\final\project\data\v43_losgo\fold06_VI_ThickAC_II_36cm\updates\qwen_Q050_A3.csv,losgo_synthetic_update,Fold-specific Qwen Q50 update (downstream_update_rows),67315,8b99b102f433414bf48d794344d3f1a6e7e7539526672b8588e474c3d1108c03,OK,318,35
data/v43_losgo/fold06_VI_ThickAC_II_36cm/updates/qwen_Q050_A3_states.csv,C:\Users\zianyy\Desktop\final\project\data\v43_losgo\fold06_VI_ThickAC_II_36cm\updates\qwen_Q050_A3_states.csv,losgo_synthetic_update,Fold-specific Qwen Q50 update (state_trajectory),12620,8e77a0f68cb395893d6cf72add799a7cf346db4e12c17141c3dad66487c6d5e6,OK,320,6
data/v43_losgo/fold06_VI_ThickAC_II_36cm/updates/qwen_Q050_A4.csv,C:\Users\zianyy\Desktop\final\project\data\v43_losgo\fold06_VI_ThickAC_II_36cm\updates\qwen_Q050_A4.csv,losgo_synthetic_update,Fold-specific Qwen Q50 update (downstream_update_rows),67193,fbcb5c1feebe54682946573d894a38caff0a4ac505fdae92cccf332c501c937b,OK,318,35
data/v43_losgo/fold06_VI_ThickAC_II_36cm/updates/qwen_Q050_A4_states.csv,C:\Users\zianyy\Desktop\final\project\data\v43_losgo\fold06_VI_ThickAC_II_36cm\updates\qwen_Q050_A4_states.csv,losgo_synthetic_update,Fold-specific Qwen Q50 update (state_trajectory),12534,6b5a8eb2e1fac0173ee372542617067e2593fb1b5dcfb33cc193b277c94c795e,OK,320,6
data/v43_losgo/fold06_VI_ThickAC_II_36cm/updates/qwen_Q050_A5.csv,C:\Users\zianyy\Desktop\final\project\data\v43_losgo\fold06_VI_ThickAC_II_36cm\updates\qwen_Q050_A5.csv,losgo_synthetic_update,Fold-specific Qwen Q50 update (downstream_update_rows),66701,557f467bd104bb8e08bce8f85f8b74d96c99fb5cb02d711d8d8d7a529e60c38d,OK,318,35
data/v43_losgo/fold06_VI_ThickAC_II_36cm/updates/qwen_Q050_A5_states.csv,C:\Users\zianyy\Desktop\final\project\data\v43_losgo\fold06_VI_ThickAC_II_36cm\updates\qwen_Q050_A5_states.csv,losgo_synthetic_update,Fold-specific Qwen Q50 update (state_trajectory),12446,ca3c1a626d52a2715b5cf63b03ab98349287ef56f7184b89d14817107f6b69c6,OK,320,6
data/v43_losgo/fold07_VII_FullDepth_48_52cm/qwen/dev_windows.csv,C:\Users\zianyy\Desktop\final\project\data\v43_losgo\fold07_VII_FullDepth_48_52cm\qwen\dev_windows.csv,losgo_generator_data,Fold-specific generator split with held-out structures excluded,172467,6629873812b946d0a71e66dd42c2a19cc98f6caae5feca5f595f007b4585009c,OK,250,84
data/v43_losgo/fold07_VII_FullDepth_48_52cm/qwen/holdout_windows.csv,C:\Users\zianyy\Desktop\final\project\data\v43_losgo\fold07_VII_FullDepth_48_52cm\qwen\holdout_windows.csv,losgo_generator_data,Fold-specific generator split with held-out structures excluded,170723,0371772be371fa76073a9e309232dd2ccc13ba7686817f630349eeaa41f02f0b,OK,247,84
data/v43_losgo/fold07_VII_FullDepth_48_52cm/qwen/qwen_chronological_manifest.json,C:\Users\zianyy\Desktop\final\project\data\v43_losgo\fold07_VII_FullDepth_48_52cm\qwen\qwen_chronological_manifest.json,losgo_generator_data,Fold-specific generator split with held-out structures excluded,541,a0610a3a0c16ef22ab8dc086efbd70d2768dae3f2ac6929d9831423c9833a5cd,OK,1,
data/v43_losgo/fold07_VII_FullDepth_48_52cm/qwen/qwen_dev_2018.jsonl,C:\Users\zianyy\Desktop\final\project\data\v43_losgo\fold07_VII_FullDepth_48_52cm\qwen\qwen_dev_2018.jsonl,losgo_generator_data,Fold-specific generator split with held-out structures excluded,608139,d6106d4a19eeac75808db73674bcca1bdd3972ace7cd52ee1916053e559f21fe,OK,250,
data/v43_losgo/fold07_VII_FullDepth_48_52cm/qwen/qwen_holdout_2019.jsonl,C:\Users\zianyy\Desktop\final\project\data\v43_losgo\fold07_VII_FullDepth_48_52cm\qwen\qwen_holdout_2019.jsonl,losgo_generator_data,Fold-specific generator split with held-out structures excluded,599409,e1a678664a73f81ebc49f4ecc5a23f00b6e23b4b9b332ffa4472bfa34acbc635,OK,247,
data/v43_losgo/fold07_VII_FullDepth_48_52cm/qwen/qwen_refit_2016_2018.jsonl,C:\Users\zianyy\Desktop\final\project\data\v43_losgo\fold07_VII_FullDepth_48_52cm\qwen\qwen_refit_2016_2018.jsonl,losgo_generator_data,Fold-specific generator split with held-out structures excluded,1460477,389a39412c3b07826753ff782d28a2f8474fc9fa41cde6d43bef4a33b3221c55,OK,606,
data/v43_losgo/fold07_VII_FullDepth_48_52cm/qwen/qwen_train_2016_2017.jsonl,C:\Users\zianyy\Desktop\final\project\data\v43_losgo\fold07_VII_FullDepth_48_52cm\qwen\qwen_train_2016_2017.jsonl,losgo_generator_data,Fold-specific generator split with held-out structures excluded,653956,4c3dee9ff5a39becb04dc16b7cea7d0d0f6ff53d8cc73b30fa24f2263b88a629,OK,272,
data/v43_losgo/fold07_VII_FullDepth_48_52cm/qwen/refit_windows.csv,C:\Users\zianyy\Desktop\final\project\data\v43_losgo\fold07_VII_FullDepth_48_52cm\qwen\refit_windows.csv,losgo_generator_data,Fold-specific generator split with held-out structures excluded,402344,c3861dcdfc1008ac6a67d34a7d40a17e29e8b01baf2a0b5874cb80365438ae0a,OK,606,84
data/v43_losgo/fold07_VII_FullDepth_48_52cm/qwen/train_windows.csv,C:\Users\zianyy\Desktop\final\project\data\v43_losgo\fold07_VII_FullDepth_48_52cm\qwen\train_windows.csv,losgo_generator_data,Fold-specific generator split with held-out structures excluded,179593,741a177b9206a3e90ffe1ad6ee65e5b6b06675cf420513c8104212bd75bdc6bf,OK,272,84
data/v43_losgo/fold07_VII_FullDepth_48_52cm/qwen/v43_fold_manifest.json,C:\Users\zianyy\Desktop\final\project\data\v43_losgo\fold07_VII_FullDepth_48_52cm\qwen\v43_fold_manifest.json,losgo_generator_data,Fold-specific generator split with held-out structures excluded,1228,a034a64e5b512db61af61584ad9d0b16e92c33838230e5998e0e2d0a1a188ec2,OK,1,
data/v43_losgo/fold07_VII_FullDepth_48_52cm/updates/qwen_Q050_A1.csv,C:\Users\zianyy\Desktop\final\project\data\v43_losgo\fold07_VII_FullDepth_48_52cm\updates\qwen_Q050_A1.csv,losgo_synthetic_update,Fold-specific Qwen Q50 update (downstream_update_rows),71650,58d6a5448ec0f91cc26fe3fb766faee335e654446b169f76f620a6c2795bcd0e,OK,338,35
data/v43_losgo/fold07_VII_FullDepth_48_52cm/updates/qwen_Q050_A1_states.csv,C:\Users\zianyy\Desktop\final\project\data\v43_losgo\fold07_VII_FullDepth_48_52cm\updates\qwen_Q050_A1_states.csv,losgo_synthetic_update,Fold-specific Qwen Q50 update (state_trajectory),13373,fb11f74ed1edc8bff5b153fdd8bd4248e5309a7d73d2ad222a3d0230a0f62c60,OK,340,6
data/v43_losgo/fold07_VII_FullDepth_48_52cm/updates/qwen_Q050_A2.csv,C:\Users\zianyy\Desktop\final\project\data\v43_losgo\fold07_VII_FullDepth_48_52cm\updates\qwen_Q050_A2.csv,losgo_synthetic_update,Fold-specific Qwen Q50 update (downstream_update_rows),71497,a0ee495f9852bc2f00433b0561799449f6062c9b0005a568a887ea5f968a9ee8,OK,338,35
data/v43_losgo/fold07_VII_FullDepth_48_52cm/updates/qwen_Q050_A2_states.csv,C:\Users\zianyy\Desktop\final\project\data\v43_losgo\fold07_VII_FullDepth_48_52cm\updates\qwen_Q050_A2_states.csv,losgo_synthetic_update,Fold-specific Qwen Q50 update (state_trajectory),13515,6506e55a9f759103166e728674c47b2ea9a6df56038935c8ddbd80078b17e96e,OK,340,6
data/v43_losgo/fold07_VII_FullDepth_48_52cm/updates/qwen_Q050_A3.csv,C:\Users\zianyy\Desktop\final\project\data\v43_losgo\fold07_VII_FullDepth_48_52cm\updates\qwen_Q050_A3.csv,losgo_synthetic_update,Fold-specific Qwen Q50 update (downstream_update_rows),71346,5dc7b3885a559bab1685bbfa1368732dd73e64ae5328bce0734d669c7c3f7934,OK,338,35
data/v43_losgo/fold07_VII_FullDepth_48_52cm/updates/qwen_Q050_A3_states.csv,C:\Users\zianyy\Desktop\final\project\data\v43_losgo\fold07_VII_FullDepth_48_52cm\updates\qwen_Q050_A3_states.csv,losgo_synthetic_update,Fold-specific Qwen Q50 update (state_trajectory),13270,d46df8675537dd617bcd06cc09589636bf3f7887b38fe49449ef6576d0b348af,OK,340,6
data/v43_losgo/fold07_VII_FullDepth_48_52cm/updates/qwen_Q050_A4.csv,C:\Users\zianyy\Desktop\final\project\data\v43_losgo\fold07_VII_FullDepth_48_52cm\updates\qwen_Q050_A4.csv,losgo_synthetic_update,Fold-specific Qwen Q50 update (downstream_update_rows),71987,0ba87251e113d4cba850c601a9497b7fac77e7530e1413be5176097fe756dd78,OK,338,35
data/v43_losgo/fold07_VII_FullDepth_48_52cm/updates/qwen_Q050_A4_states.csv,C:\Users\zianyy\Desktop\final\project\data\v43_losgo\fold07_VII_FullDepth_48_52cm\updates\qwen_Q050_A4_states.csv,losgo_synthetic_update,Fold-specific Qwen Q50 update (state_trajectory),13495,c59fec90e5b69555e467ee5fdcdd9299c0726efdff1e4cb6c44fb19f725bd1b4,OK,340,6
data/v43_losgo/fold07_VII_FullDepth_48_52cm/updates/qwen_Q050_A5.csv,C:\Users\zianyy\Desktop\final\project\data\v43_losgo\fold07_VII_FullDepth_48_52cm\updates\qwen_Q050_A5.csv,losgo_synthetic_update,Fold-specific Qwen Q50 update (downstream_update_rows),71579,396aef19fde6317fde6ede4c83c6881939ab03b2b2905b20d3d9728156e07e8f,OK,338,35
data/v43_losgo/fold07_VII_FullDepth_48_52cm/updates/qwen_Q050_A5_states.csv,C:\Users\zianyy\Desktop\final\project\data\v43_losgo\fold07_VII_FullDepth_48_52cm\updates\qwen_Q050_A5_states.csv,losgo_synthetic_update,Fold-specific Qwen Q50 update (state_trajectory),13381,7b84e5fc05db09a3cfd39013b6ab5eb0367890501ab6a60b19623cd52a5f514f,OK,340,6
