relative_path,bytes,sha256
00_先读我/all_data_manifest.csv,86055,2ca38b6f4e0a94b0cb6ce3e780e537ba8d79c8d0f7be553fc665155685edbcfe
00_先读我/archive_sha256.txt,106,8416868bbb72ff7f0313ed7d0850272ca4ed8b923fd35f1f528b8c2d1faa6e37
00_先读我/audit_summary.json,3007,2432655687347619ef5ef367bc168cd92ac72af9a393a1e248150114d2cf95c2
00_先读我/downstream_split_summary.csv,1028,8798a7652ae47fcc064a704f9d5a51fd3b9c8c4a8b4b8e1375c8a31602494179
00_先读我/generator_split_summary.csv,578,d2e2ed8262459632beea2f155e28b17e9aee50ad2ed5210a333b6a4d0a669f45
00_先读我/main_code_index.csv,3295,2adb079f962a0bc993041fae5481a6b8e804d96ee957c5bdacbb959b47c578f0
00_先读我/README_老师交付说明.md,5962,bf98d3599bf2d7e7e0d92114e14f3ad68c99ca6d0884eefe103ac9653aa63786
01_原始数据与母表/processed/rutting_master_v31.csv,572308,6d636de7688b269c3e58d0b3267795e924be36810abd4de5ee436d9997d3ed5f
01_原始数据与母表/raw/legacy_generate_dataset.py,6652,ff67ea1627d0e6440d34d522fef659135ca413828b266ad2fc55055a3bfd02fb
01_原始数据与母表/raw/ruttingData_Final_Corrected.xlsx,174752,8b21e8d9b1d64e786a82577eb5be83f2387d0c133a999e20ac158a9ae11f05d0
01_原始数据与母表/raw/足尺环道车辙数据.xlsx,39841,b59a7e8501f3daea68198bf17e00f3a31b6131de729846f2df1f56330f379fbe
02_Qwen训练验证重拟合与2019保留集/dev_windows.csv,191636,8f09c059ab7ca7457e16938869a7ce7878327e0bb1b3a387facf757c31245ecc
02_Qwen训练验证重拟合与2019保留集/holdout_windows.csv,190986,1f164038c01c9a87317e1dd3ed93bd652cb8481ea3c2174d368a8cd0c5bddd9d
02_Qwen训练验证重拟合与2019保留集/qwen_chronological_manifest.json,541,48ccbf02b14dbd688fb3738359525086ce1cc94676e099914f5a8c0d1f21aff5
02_Qwen训练验证重拟合与2019保留集/qwen_dev_2018.jsonl,676233,633cec2fffb40488a253a37206a8990885629c31a5b6516860eaf5dbf2a88fe5
02_Qwen训练验证重拟合与2019保留集/qwen_holdout_2019.jsonl,672186,02af5f58e3c81b823f81c6ae75fbb224600dd985438497a4ff85be4cdf52aff6
02_Qwen训练验证重拟合与2019保留集/qwen_refit_2016_2018.jsonl,1629277,763b0fe304eff2d351526767fcdf891e71c5ccedc12acc76f692b37fd5da6344
02_Qwen训练验证重拟合与2019保留集/qwen_train_2016_2017.jsonl,731046,57367541cb50ad9fa3ddc85579e2b887c447f8a5f623eeb3dc6e2df09739df2d
02_Qwen训练验证重拟合与2019保留集/refit_windows.csv,448861,57dea5f2ad6d16cb1079ff29eaeaeab25cbe59425abeb4144ca2c690c9fe7086
02_Qwen训练验证重拟合与2019保留集/train_windows.csv,200863,ecad50e9dd7037aad82a770be995c8b779f29714975efea2cb08d7ac06d531e5
03_TDR_GRU训练验证测试集/test_2021_metadata.csv,41209,cc1dd56f211b8a5d0e79c33074af7013dc18e4a783dd22faea5eeebfb5c8f75d
03_TDR_GRU训练验证测试集/test_2021_seq6.npz,14850,0571b71e6d57573383de64a0e275dc19082bfd85fc35b8c3ee3b9daf6cf4c297
03_TDR_GRU训练验证测试集/train_2016_2019_metadata.csv,55410,90c87691dd942c2fbed60dbc81ce86fce6f977b96fa0800741110095f58565d7
03_TDR_GRU训练验证测试集/train_2016_2019_seq6.npz,31654,ec7564197ff2a8c052f5ba2ea2ebef62cf6d2e1615a9dcfe4bd08500a69e27a2
03_TDR_GRU训练验证测试集/validation_2020_metadata.csv,31199,6a0df0e4ecec337333e65b82969cafb59b4724a532a507e05595599113b00672
03_TDR_GRU训练验证测试集/validation_2020_seq6.npz,12177,5bff0e944e341e0909fde732be78e661899e668eebb14eacfc8c7724a076906a
04_全部合成更新数据/qwen_Q025_A1.csv,78757,ea3ba32168706eefe540aa42d2df69a0635b8b817d5f298215ebea23a5977b4e
04_全部合成更新数据/qwen_Q025_A1_states.csv,14197,999cb1db398df1a0d43d9e70b26f0049635ce9feacb0cebde7994bc9e982bf04
04_全部合成更新数据/qwen_Q025_A2.csv,78609,14107174b9326a57ba2be5360ece925e54366c6c31023a06efb2018b3d6e6927
04_全部合成更新数据/qwen_Q025_A2_states.csv,14138,8da101519c27036f4522140350fbd8fe565f4bcccb6249b8f395690d9b2d6f83
04_全部合成更新数据/qwen_Q025_A3.csv,79315,4a7b0405999110e3a0772963faf527d57bc83a994c4dca06890cc5b6d352c83b
04_全部合成更新数据/qwen_Q025_A3_states.csv,14378,ff53fd96c38dbf641cbccda57babd3803b870b98e0e447294f24cb6c595079cd
04_全部合成更新数据/qwen_Q025_A4.csv,78963,e4adb9d5fe20100209f5aa7535dc15dc32ffb23c72f284922982c3ccf56516c2
04_全部合成更新数据/qwen_Q025_A4_states.csv,14251,5357c003e06c6b209a4923ce785b406d62da8e1e4bc06cdeef7eda5e6e512eb6
04_全部合成更新数据/qwen_Q025_A5.csv,79176,837d7c6d74acdd405d34721d1c03a4721e8f56a45ca48a60176e23a3d70e2e13
04_全部合成更新数据/qwen_Q025_A5_states.csv,14244,11fa743f965d114508413c26f1cf0af4a05b1436d7b37d7239aa866e9634adc4
04_全部合成更新数据/qwen_Q050_A1.csv,80442,0b90ed608279550e733e96d25294bbf7b5fc9859ad246d5b5525ffc1f6f2af3f
04_全部合成更新数据/qwen_Q050_A1_states.csv,15117,0224f0a30fe31b882641fabd04da0a58112b2f4609db2e4799acb82d9eb081a3
04_全部合成更新数据/qwen_Q050_A2.csv,80056,d4479479dccd6033c0836f4d06c9b35b51c48aed2b820e9b760827fd42984a64
04_全部合成更新数据/qwen_Q050_A2_states.csv,15033,a05b451db7cf4b0ecf451ba4a581d5c0778b62b7c731624f280025f0385a20b2
04_全部合成更新数据/qwen_Q050_A3.csv,79628,5f262d032d540d7e1ca69cc61651ac22d81c20640706df1f048806df18adda31
04_全部合成更新数据/qwen_Q050_A3_states.csv,14901,ec8f55fe0ce7d734fa9ba9aa3d120bbe1965edc57a19be5b9584e9a8f3e38d57
04_全部合成更新数据/qwen_Q050_A4.csv,79550,9a3d580674bdc905524895869997f45a4900bd2f4aaa055f89bb6999129b1677
04_全部合成更新数据/qwen_Q050_A4_states.csv,14784,430651c113d5b1fe093bae9d0ffa7a0c0fb0d1a11bd826f35743b66a766bcf72
04_全部合成更新数据/qwen_Q050_A5.csv,80594,8848a8631ea309ae8593b439c763397ddea2b3a0dc1982d71580dc95fab3bf66
04_全部合成更新数据/qwen_Q050_A5_states.csv,15071,3c23e5ee62743dfb0b923800e165ad53a178e2a183a7505c0f97220aaed662f7
04_全部合成更新数据/qwen_Q075_A1.csv,80613,f31552195f5e75900d97bbd497cd3442f27dfca35ed0abc5e72d9af143939653
04_全部合成更新数据/qwen_Q075_A1_states.csv,15525,bb3cb17cffb5c36c1a7fe40840572e1844a84bd09840b9fee9966091c7dc2081
04_全部合成更新数据/qwen_Q075_A2.csv,81020,34f7d9b03820ecd3d21d9b5153713e7ed92e5086d6dab96d0311402fe8c7ee92
04_全部合成更新数据/qwen_Q075_A2_states.csv,15704,6098ac98e08d4b0fd261103739d8d90b4c416d4914bba77775b8c9170ba34c86
04_全部合成更新数据/qwen_Q075_A3.csv,81480,fd114d58e026d631db1614bf6023934617a79be548a0ffe37fd9fddd9ad03def
04_全部合成更新数据/qwen_Q075_A3_states.csv,15844,6ec3e2cd7d56d2a87106e40f49808073bddeb7938f0e301ccbb5dc8d04a505bc
04_全部合成更新数据/qwen_Q075_A4.csv,81265,08620a71b00a8fd080efcd986f8a9aa612d07aeea65360624765e4fcd5e7555f
04_全部合成更新数据/qwen_Q075_A4_states.csv,15800,278c6c03802ca0fe6dc3279cdce5c52471b22a5e9cf2bec34456f442930f8182
04_全部合成更新数据/qwen_Q075_A5.csv,81458,22c51b89c40e69696b92646fdd1ce77394f0afa748962f5ac6c230139ebff394
04_全部合成更新数据/qwen_Q075_A5_states.csv,15836,f44585e7ef325afc6c7016595956af7081ac150e90d7403a2e41814e7bb51422
04_全部合成更新数据/qwen_Q100_A1.csv,84066,c6df9e3869d751d572ccb7932d1778cd67d56ea1eb55102612961851fc6777ab
04_全部合成更新数据/qwen_Q100_A1_states.csv,17103,79f75e7b906048a3dcff6d593ae5f3cdd829ab93ffc700e5dfe30e4e1c1cc1d2
04_全部合成更新数据/qwen_Q100_A2.csv,85159,40e634f6887032cfb0ab7fc6251cb524f745b07e87d927dec9859b28067b9f2e
04_全部合成更新数据/qwen_Q100_A2_states.csv,17514,da0c590dddd823a8301ae4282e4f23b06505341a299ffb3db714ab669add9cfc
04_全部合成更新数据/qwen_Q100_A3.csv,84066,c6df9e3869d751d572ccb7932d1778cd67d56ea1eb55102612961851fc6777ab
04_全部合成更新数据/qwen_Q100_A3_states.csv,17103,79f75e7b906048a3dcff6d593ae5f3cdd829ab93ffc700e5dfe30e4e1c1cc1d2
04_全部合成更新数据/qwen_Q100_A4.csv,84450,ebd23d539d5c2ab98d914ce03da739639a077d6682b05e4d05798ce2819d4132
04_全部合成更新数据/qwen_Q100_A4_states.csv,17291,ed1ff1e72d162c0c591860c538620373683ef19cd25da232284bc2f6c730e6e1
04_全部合成更新数据/qwen_Q100_A5.csv,84450,ebd23d539d5c2ab98d914ce03da739639a077d6682b05e4d05798ce2819d4132
04_全部合成更新数据/qwen_Q100_A5_states.csv,17291,ed1ff1e72d162c0c591860c538620373683ef19cd25da232284bc2f6c730e6e1
04_全部合成更新数据/timegan_Q025_A1.csv,82154,105e6c97db8d624ad5739b04b21d4725dced3a6edd6b7cbfa15e808f34c97408
04_全部合成更新数据/timegan_Q025_A1_states.csv,14960,6fa4337e8e72547510fea414dbe6fd77927e4827ec0c106f44de0f4374af57a0
04_全部合成更新数据/timegan_Q025_A2.csv,82345,6c415f1537195a30f62a8a4c7a8ef26845e852f546f288353082d26de5b66ce8
04_全部合成更新数据/timegan_Q025_A2_states.csv,15016,2cb98ef363580abdba54f188776d9234132441b921da13cd26314d19eb46de3a
04_全部合成更新数据/timegan_Q025_A3.csv,82392,03369702eafb80f94ed75ee5ccdbf3a32af62e1392f7eba877bc17d8c042dcd7
04_全部合成更新数据/timegan_Q025_A3_states.csv,15069,469c719c6495e4b5690919f203ecb016543ab09db6d6cd5f1ee1f28f77746411
04_全部合成更新数据/timegan_Q025_A4.csv,82389,bec7a7206598b41fc2633946df73fadbac9777e374c68054cd670c18847c9009
04_全部合成更新数据/timegan_Q025_A4_states.csv,15022,eb24fb554ac049ac4d0a45e3daa5db04b86fd3cabb050b84e52d6419402265b7
04_全部合成更新数据/timegan_Q025_A5.csv,82188,efb64854fe4a112ab31193f6a5519426d5b807eb998d09831f6153a159b57511
04_全部合成更新数据/timegan_Q025_A5_states.csv,15000,ffc463746ec581826ff228986bc7bdd62511738eb4c41dbc914126f031a0b947
04_全部合成更新数据/timegan_Q050_A1.csv,85285,0da92ac948e5a68c61116f5dea225883a76a45d3eee7e7db5d3183fcb3490d18
04_全部合成更新数据/timegan_Q050_A1_states.csv,16403,6792bc195249fcd022fd3138ed82feb2fcbd660028c5ac7fd7e468a30830faa1
04_全部合成更新数据/timegan_Q050_A2.csv,85249,422e65481adad196a532edf74a860370fdc44357f5a34c6b9c626fdb0c877de3
04_全部合成更新数据/timegan_Q050_A2_states.csv,16418,414952e18f510eeba32c8c66dd91cf21b00c45c89176b8fdae99e87a2bddeab2
04_全部合成更新数据/timegan_Q050_A3.csv,85319,bdeccc6fb61b32a95ca2c975f74b24614994328c6a1c760041a137ba84cbf887
04_全部合成更新数据/timegan_Q050_A3_states.csv,16439,6e68c835ea255e4fee46dc795c9fa67d1283d89ed58109bc67731ebaa587d624
04_全部合成更新数据/timegan_Q050_A4.csv,84932,01ce6258c89c71deb0a6b2affb010542404871fbf14a425af06a8f8a75c6a13f
04_全部合成更新数据/timegan_Q050_A4_states.csv,16342,0e16babb01502b97e9ad55c222cd13c40ea715ea34c9e25e5ca3382935e6b4a8
04_全部合成更新数据/timegan_Q050_A5.csv,85434,8250f998da1124b46c4aada7aca7dc0439da95029b18662122050abd80994847
04_全部合成更新数据/timegan_Q050_A5_states.csv,16468,675704c2d9359bf88d60010946db3fb3d877ded1206d9e7c8473afa4af565bb2
04_全部合成更新数据/timegan_Q075_A1.csv,87672,94737b3183865e119c16e52f06a8770e57545142177a7ec56da0bc7fd2f90467
04_全部合成更新数据/timegan_Q075_A1_states.csv,17793,3566a384f0be7cb009ad2af4f5f465ac351cf905b251d42563cb8c872dd5b717
04_全部合成更新数据/timegan_Q075_A2.csv,87923,aa83bd35a81717df1e5d5f3cf3eb6957bf262d9ddd7bb6a3308ac6c898b9beec
04_全部合成更新数据/timegan_Q075_A2_states.csv,17870,2d11d4159aa2bf8388df1dae531c4eb532124433d3a2686fa147fa76a0f8a011
04_全部合成更新数据/timegan_Q075_A3.csv,87862,706e46195b8274d7d8a5c83933eea23af94585e27fed72c66b525c90655630c9
04_全部合成更新数据/timegan_Q075_A3_states.csv,17855,cc4664167bcdba0df5f15c50663392e2972e5eb24eaa946ff98cd5601809cd29
04_全部合成更新数据/timegan_Q075_A4.csv,87987,ed518322a07084095721e6c4902fded1220ec2f6faeb84179050a3adbbc56fa3
04_全部合成更新数据/timegan_Q075_A4_states.csv,17896,7d00802ef058fdaf5ec0dbeb4dbc8f728d1ce426c41188270f59e1f9c3090041
04_全部合成更新数据/timegan_Q075_A5.csv,88066,1b69564f3e81d1764013dd9731d5311ae4680cb8c4178440fe3139e223ada0da
04_全部合成更新数据/timegan_Q075_A5_states.csv,17910,6c75f8c385e1aaa221c045858f98cdb6897478e49d1e65fd8fc9d8de55db925d
04_全部合成更新数据/timegan_Q100_A1.csv,90434,563ab77c5bdc770eea7b3aad83ab454acd42fd55a6d0a6d3774b42c3dde81e38
04_全部合成更新数据/timegan_Q100_A1_states.csv,19262,07f1db1858b474e598b16036145c5c5fb74f1c452d34883f8cc7e34be4de80bd
04_全部合成更新数据/timegan_Q100_A2.csv,90434,563ab77c5bdc770eea7b3aad83ab454acd42fd55a6d0a6d3774b42c3dde81e38
04_全部合成更新数据/timegan_Q100_A2_states.csv,19262,07f1db1858b474e598b16036145c5c5fb74f1c452d34883f8cc7e34be4de80bd
04_全部合成更新数据/timegan_Q100_A3.csv,90434,563ab77c5bdc770eea7b3aad83ab454acd42fd55a6d0a6d3774b42c3dde81e38
04_全部合成更新数据/timegan_Q100_A3_states.csv,19262,07f1db1858b474e598b16036145c5c5fb74f1c452d34883f8cc7e34be4de80bd
04_全部合成更新数据/timegan_Q100_A4.csv,90434,563ab77c5bdc770eea7b3aad83ab454acd42fd55a6d0a6d3774b42c3dde81e38
04_全部合成更新数据/timegan_Q100_A4_states.csv,19262,07f1db1858b474e598b16036145c5c5fb74f1c452d34883f8cc7e34be4de80bd
04_全部合成更新数据/timegan_Q100_A5.csv,90434,563ab77c5bdc770eea7b3aad83ab454acd42fd55a6d0a6d3774b42c3dde81e38
04_全部合成更新数据/timegan_Q100_A5_states.csv,19262,07f1db1858b474e598b16036145c5c5fb74f1c452d34883f8cc7e34be4de80bd
04_全部合成更新数据/timeweaver_Q025_A1.csv,81401,45af56dfe432008608f306bffcd98d7500881bb4a767130b07ca3f49a45e8d03
04_全部合成更新数据/timeweaver_Q025_A1_states.csv,14956,eaeecac293aba4a26efa83539b517dec962edd1ebdc1ab678bdcdffe9232a77f
04_全部合成更新数据/timeweaver_Q025_A2.csv,81405,bbd69d2edfc5bf83abdb1238b100444665be3528bcf0c9d15766aea553f4a19b
04_全部合成更新数据/timeweaver_Q025_A2_states.csv,15012,07610db2ed452d21c9edb1de5d45430be9faf13927545092bc2be6a1b748d192
04_全部合成更新数据/timeweaver_Q025_A3.csv,81740,c86ff2baceae75d41d86fb261468d2616534c5037f0038a2c01dda65f0b2d5b8
04_全部合成更新数据/timeweaver_Q025_A3_states.csv,15056,40513578a09a1ea88f369b33f1930e7f9d7bf6dafb19769d4ad1f2536a8a632f
04_全部合成更新数据/timeweaver_Q025_A4.csv,81506,8cae6e05f4e3b8bff241d6b871405a5afbbb50d875df588eb767146aa573f0c3
04_全部合成更新数据/timeweaver_Q025_A4_states.csv,15023,92135aa9de649a535908fd0a94bed0995b2e2d2362033959b3a1e6a2da6a0c1c
04_全部合成更新数据/timeweaver_Q025_A5.csv,81525,7b145ca74633eef70abe447cd0b855e198ce85ac4ca2eb9c263492d0a7059978
04_全部合成更新数据/timeweaver_Q025_A5_states.csv,14997,3903be061093753a9fed3a49e7e991452c370252a660629cbc0f0a7e68457777
04_全部合成更新数据/timeweaver_Q050_A1.csv,84852,021ebe82aa2eb03452f013418c10db5de7931988315db0bedd068727ced28c20
04_全部合成更新数据/timeweaver_Q050_A1_states.csv,16400,a3a7fd80138bee8bd26cc57f0b61e90cfee3faa4a054fafe5ee767b2e7ff412d
04_全部合成更新数据/timeweaver_Q050_A2.csv,85050,9f4fde1a77339b530e083f7f502055d508274b0265c4d9e15a04e42d53eb5763
04_全部合成更新数据/timeweaver_Q050_A2_states.csv,16406,089d04aa597573f2ca5403f78b2c4b98fd56b10c5b85a23132cb44ae9c67496c
04_全部合成更新数据/timeweaver_Q050_A3.csv,84955,4c61291d39834f00f1bdc30b5c52e02e8f7384142ace1049e370b6ec87a55a79
04_全部合成更新数据/timeweaver_Q050_A3_states.csv,16436,f720414e5de8d068158d83e806dd2bf1dbb11fa9611c0317073abd0311137721
04_全部合成更新数据/timeweaver_Q050_A4.csv,84723,d5889e687c77d0f335c6539cc0b93574e08704c55a0feb496f01ac58aef51977
04_全部合成更新数据/timeweaver_Q050_A4_states.csv,16335,44b0cb9960761fa6273d6daf34a2bbe8f68ffa51bd275021e1a9dd8e4edba7ac
04_全部合成更新数据/timeweaver_Q050_A5.csv,84753,aef3ad29369c7d45295a5570f10f6e4002460783901523fb25632a03f325ab8a
04_全部合成更新数据/timeweaver_Q050_A5_states.csv,16445,a40160cf41d873efe0414b092605e1606d3f6459405a984b6aa2d76f0d358737
04_全部合成更新数据/timeweaver_Q075_A1.csv,87428,bbf59ddaefaf4643807d7cb4c4ec0682e24ec2760788982078fd9ccbf23f93a7
04_全部合成更新数据/timeweaver_Q075_A1_states.csv,17807,c6095e744084a7d4657b722002f47f946406f8980d3cfeebd1e3ebabddc7d74a
04_全部合成更新数据/timeweaver_Q075_A2.csv,87553,3014f1112e89e4463e49e9ab459dfddc262aa15905c109669c5d6bf984476df7
04_全部合成更新数据/timeweaver_Q075_A2_states.csv,17854,d6dd6c363815cb9d158deb3022663c68508d0bcf973e240a70f5cd717c5d382b
04_全部合成更新数据/timeweaver_Q075_A3.csv,87910,73610bd9e96b7af467a51db734d8acd235fd79aca9e5c447dbd107a21243e9ce
04_全部合成更新数据/timeweaver_Q075_A3_states.csv,17846,3ada83befc2cea9014bb11a043d715e39560d3f3e5bf4b596d93cca91cbc5240
04_全部合成更新数据/timeweaver_Q075_A4.csv,87782,708b875c8867d5b0c11df175f79ed0601aef98a0641c4b99422790c20f6b7767
04_全部合成更新数据/timeweaver_Q075_A4_states.csv,17878,a867d2fe708e117e948543124b9e30aaedb86f7395de6f41ee24a6145905be5a
04_全部合成更新数据/timeweaver_Q075_A5.csv,87818,ab18860305a1f471ea78697ab281a175e06f56a12be3a43bcc84bcf61d6fb503
04_全部合成更新数据/timeweaver_Q075_A5_states.csv,17898,ccd95d5fdb7a7f3e98e62d7162c193ca6606e6983e3f0a6fc9e0c99625e0baf7
04_全部合成更新数据/timeweaver_Q100_A1.csv,90065,f1e1a326e0f06dbe7e3a375732feeecfe6004c6036d65b33195b90ead42cb3f0
04_全部合成更新数据/timeweaver_Q100_A1_states.csv,19316,9fb2f903cfb0aeafb3f2af4741e6e885081bbe7eb8d93ae47f8b9b073e8aab05
04_全部合成更新数据/timeweaver_Q100_A2.csv,90074,9ffa12a8583d2c3eacf3e2e549f08903c3dbbbe94e83d2c548d961cdd0495c6a
04_全部合成更新数据/timeweaver_Q100_A2_states.csv,19324,61787f3134b02d8413853a60eb197c24aee8bfd44b54fc9836d25b55ea2b681f
04_全部合成更新数据/timeweaver_Q100_A3.csv,90020,1ef8c6c81a2df3a615e5e7912c227181234bd01981d86accb7deb18741edd09c
04_全部合成更新数据/timeweaver_Q100_A3_states.csv,19345,eade66ff811f05a274b0783ca5bb64958bda424c5b8926fe754a4a03e7d2ee77
04_全部合成更新数据/timeweaver_Q100_A4.csv,90065,f1e1a326e0f06dbe7e3a375732feeecfe6004c6036d65b33195b90ead42cb3f0
04_全部合成更新数据/timeweaver_Q100_A4_states.csv,19316,9fb2f903cfb0aeafb3f2af4741e6e885081bbe7eb8d93ae47f8b9b073e8aab05
04_全部合成更新数据/timeweaver_Q100_A5.csv,90065,f1e1a326e0f06dbe7e3a375732feeecfe6004c6036d65b33195b90ead42cb3f0
04_全部合成更新数据/timeweaver_Q100_A5_states.csv,19316,9fb2f903cfb0aeafb3f2af4741e6e885081bbe7eb8d93ae47f8b9b073e8aab05
05_LOSGO七折结构泛化数据/fold01_I_SemiRigid_12cmAC/qwen/dev_windows.csv,157367,2239a9bd7ecc618917d329bb2d1576f2a347f4dc4d4baa099a42edb6fbd18d00
05_LOSGO七折结构泛化数据/fold01_I_SemiRigid_12cmAC/qwen/holdout_windows.csv,160599,2e5470838f3bb7a1102fde971fb61633f368f0a3c37692c703bce404be92c13b
05_LOSGO七折结构泛化数据/fold01_I_SemiRigid_12cmAC/qwen/qwen_chronological_manifest.json,541,0243a95256d58ce71e02e3a967437347db00047e4556600355275b40d0d28265
05_LOSGO七折结构泛化数据/fold01_I_SemiRigid_12cmAC/qwen/qwen_dev_2018.jsonl,552361,aa222a18f4f4a697d6ab24eca796d663092f2d5761266c8608b25520575522ce
05_LOSGO七折结构泛化数据/fold01_I_SemiRigid_12cmAC/qwen/qwen_holdout_2019.jsonl,563145,4be586a7d31968fe62c20349def47779ace4361382f1d944cec975111dbd75ce
05_LOSGO七折结构泛化数据/fold01_I_SemiRigid_12cmAC/qwen/qwen_refit_2016_2018.jsonl,1354711,ffea18397f0605cac0fe68b26d58b1414ce2f47a7c38563d909d0afe17927d9b
05_LOSGO七折结构泛化数据/fold01_I_SemiRigid_12cmAC/qwen/qwen_train_2016_2017.jsonl,615743,90ab7b9c96601ec29ea49e0da63168bd49dc0426a7cb943cc90aa3f5691e667b
05_LOSGO七折结构泛化数据/fold01_I_SemiRigid_12cmAC/qwen/refit_windows.csv,374197,f58bef0bd5180f0a8361c65a0b7af165eb25f0d29167e681dcbdc82edee33741
05_LOSGO七折结构泛化数据/fold01_I_SemiRigid_12cmAC/qwen/train_windows.csv,169659,d9f3eb9de9645d6d8c2a5126cfb6b4544a90e7487e6c4326aafdc17d666e368b
05_LOSGO七折结构泛化数据/fold01_I_SemiRigid_12cmAC/qwen/v43_fold_manifest.json,1225,ff3174e8ed41a563d599a2520863def77e0c193be5c69621e879891508b67cba
05_LOSGO七折结构泛化数据/fold01_I_SemiRigid_12cmAC/updates/qwen_Q050_A1.csv,67472,0dea3f263ca4ccf505b779c4ef164bd12fd13f7c99cb8f71dff22387e0c9ee82
05_LOSGO七折结构泛化数据/fold01_I_SemiRigid_12cmAC/updates/qwen_Q050_A1_states.csv,12653,5741fc7c7a75bb4e2c58eb575077f110ffc0a102d5b68c3534eeaa7e9da16482
05_LOSGO七折结构泛化数据/fold01_I_SemiRigid_12cmAC/updates/qwen_Q050_A2.csv,67271,b497a23853ec6588dc06c0e1464f95acd2ad6fa6f7d34487962cc31dfe78d7f8
05_LOSGO七折结构泛化数据/fold01_I_SemiRigid_12cmAC/updates/qwen_Q050_A2_states.csv,12712,64bb87b35c51483e19d05311537ce6141708c91672c2c32d60c4287252d90d89
05_LOSGO七折结构泛化数据/fold01_I_SemiRigid_12cmAC/updates/qwen_Q050_A3.csv,67833,2ba2114e5f1bd9e3e108608484e929bfab4e70edb503658d89450f2850393161
05_LOSGO七折结构泛化数据/fold01_I_SemiRigid_12cmAC/updates/qwen_Q050_A3_states.csv,12721,2fa6032748d4c16e9fe28efcd7d4bb70fff7e1469f9cb6ebdb122d390104739a
05_LOSGO七折结构泛化数据/fold01_I_SemiRigid_12cmAC/updates/qwen_Q050_A4.csv,67670,ec86df2d822e877dd07d44872908adb1fb00480c9b32c21ac480319f51326bd9
05_LOSGO七折结构泛化数据/fold01_I_SemiRigid_12cmAC/updates/qwen_Q050_A4_states.csv,12886,6d83bb5e90d7ff4c6f25f80c6bf4dfa9648a3163be579cd89d22b61c0863d8c2
05_LOSGO七折结构泛化数据/fold01_I_SemiRigid_12cmAC/updates/qwen_Q050_A5.csv,67736,924cb9322f8777753e857369eeaadfa40cd0fc8ac5e7653db5386a99ae5753c6
05_LOSGO七折结构泛化数据/fold01_I_SemiRigid_12cmAC/updates/qwen_Q050_A5_states.csv,12781,34125f02455b206d795a657318ce0cf9f4d587f0883f85053d28eac4933728a5
05_LOSGO七折结构泛化数据/fold02_II_RigidComposite_12cmAC/qwen/dev_windows.csv,178754,39422cd6258863f3c308a3ffa6a4ce2eb3e3697b78d039d7f20eef5d9cd95d30
05_LOSGO七折结构泛化数据/fold02_II_RigidComposite_12cmAC/qwen/holdout_windows.csv,173522,0e2e1bb98c1604274a108634511bb844722520052f873f3de8f7440e07b16db4
05_LOSGO七折结构泛化数据/fold02_II_RigidComposite_12cmAC/qwen/qwen_chronological_manifest.json,541,cc0d9f6073d07820cfb3b9494193631e68af8c91e61b15759419a9a324a2fee3
05_LOSGO七折结构泛化数据/fold02_II_RigidComposite_12cmAC/qwen/qwen_dev_2018.jsonl,630051,c1827c49a00a9576a1f106769038768e275b3475c16616b01c845d6bc46810d7
05_LOSGO七折结构泛化数据/fold02_II_RigidComposite_12cmAC/qwen/qwen_holdout_2019.jsonl,609230,ce015c473e580c07986e952d3714bd21919c3d3fb797afbedd004d7a8dc27994
05_LOSGO七折结构泛化数据/fold02_II_RigidComposite_12cmAC/qwen/qwen_refit_2016_2018.jsonl,1484930,693c83c50ef9f36e208c80e7e2158730edfbb98359bb093c0ebf88b207ef10a1
05_LOSGO七折结构泛化数据/fold02_II_RigidComposite_12cmAC/qwen/qwen_train_2016_2017.jsonl,654136,e432e6d5b136ec05d11578519d26564d7ad98cf8d9aed4f5896dba158cd8fc72
05_LOSGO七折结构泛化数据/fold02_II_RigidComposite_12cmAC/qwen/refit_windows.csv,409251,e093dbeeb4e7ab8061f04ed762790ad96f7732a5fa9b5b8cba9fa7a782944927
05_LOSGO七折结构泛化数据/fold02_II_RigidComposite_12cmAC/qwen/train_windows.csv,179677,d15fea3f5d803d82a116cd82b7eaa9c8bcb423fa17ee727e78f9bce42c31ede1
05_LOSGO七折结构泛化数据/fold02_II_RigidComposite_12cmAC/qwen/v43_fold_manifest.json,1231,e8cce0f912129f4076a88662ff3c97b33acf3d76c62b7b5cd9d5778c8e1bb50d
05_LOSGO七折结构泛化数据/fold02_II_RigidComposite_12cmAC/updates/qwen_Q050_A1.csv,72049,2c5f71d687cd525130ecfbbb0139e77c2021c39eb250724b8035388deb2d0ff3
05_LOSGO七折结构泛化数据/fold02_II_RigidComposite_12cmAC/updates/qwen_Q050_A1_states.csv,13583,4c9f51ea49a3657fe68c5a3dc8f5406fdd2ff80c5cfbd21f70f1999a2533d021
05_LOSGO七折结构泛化数据/fold02_II_RigidComposite_12cmAC/updates/qwen_Q050_A2.csv,72064,c7ed9d2faa6f0025d108323902e12abda92c3129320e83d04e1e42626d14815e
05_LOSGO七折结构泛化数据/fold02_II_RigidComposite_12cmAC/updates/qwen_Q050_A2_states.csv,13451,1e4e0b9698cb3b09d32794e1d71e8d8b985e2ea4b6b62450844d16d96c1941aa
05_LOSGO七折结构泛化数据/fold02_II_RigidComposite_12cmAC/updates/qwen_Q050_A3.csv,71988,96ee6fbea706016eac33da027ff65f060bea98ba301f80900bde731787eb716d
05_LOSGO七折结构泛化数据/fold02_II_RigidComposite_12cmAC/updates/qwen_Q050_A3_states.csv,13416,f8803c522117335bdaea64bfd9a2b22d17daae52057407ddfca7184f021cb32b
05_LOSGO七折结构泛化数据/fold02_II_RigidComposite_12cmAC/updates/qwen_Q050_A4.csv,71554,b7499ffccc5307e06ec8e56cfae9349d809099a9c426e9d817ce50309976a125
05_LOSGO七折结构泛化数据/fold02_II_RigidComposite_12cmAC/updates/qwen_Q050_A4_states.csv,13398,e8394d7af55782a55bdae2c6ff1b5a9a0a1c7eb1dc63751dbc96c9d8bdcb1ba7
05_LOSGO七折结构泛化数据/fold02_II_RigidComposite_12cmAC/updates/qwen_Q050_A5.csv,71944,2122d7e8b2615330c2ef181c7cfd9b8130ed0da641552ade3876f743ba49ea16
05_LOSGO七折结构泛化数据/fold02_II_RigidComposite_12cmAC/updates/qwen_Q050_A5_states.csv,13475,a292ee00cf3569c9327f605d7c91bed0f82b73dc906dfa1ae5b5631e4726f3dc
05_LOSGO七折结构泛化数据/fold03_III_SemiRigid_16_18cmAC/qwen/dev_windows.csv,145199,ca7b68af0bc0e0346f6dc9d52ddcc6df92dcef189ca5773dc44ce161d727ffd0
05_LOSGO七折结构泛化数据/fold03_III_SemiRigid_16_18cmAC/qwen/holdout_windows.csv,152981,f170732033bc16c36d94c1788f2268dc24982881e94ae35d7797a4802fc6ab3e
05_LOSGO七折结构泛化数据/fold03_III_SemiRigid_16_18cmAC/qwen/qwen_chronological_manifest.json,541,9f1762b5f94a16c9057dc139a1d3ae2183e0bab84b6eb1f7005a08bba4e94a9a
05_LOSGO七折结构泛化数据/fold03_III_SemiRigid_16_18cmAC/qwen/qwen_dev_2018.jsonl,510842,6cd8e9efb982a6ae0bfb7c45e9fa198e89f52b5761a55a2e5cc1adea3abd1f22
05_LOSGO七折结构泛化数据/fold03_III_SemiRigid_16_18cmAC/qwen/qwen_holdout_2019.jsonl,536470,acdba18c1a52fbf2ef3bdc806137a80151f36c78b6296e8753d9ec42347d2e0a
05_LOSGO七折结构泛化数据/fold03_III_SemiRigid_16_18cmAC/qwen/qwen_refit_2016_2018.jsonl,1262697,7c47db8d5c8e5f794cba83433a36cc6afa456446da913661c491ea71c9f95827
05_LOSGO七折结构泛化数据/fold03_III_SemiRigid_16_18cmAC/qwen/qwen_train_2016_2017.jsonl,577080,29b77cd23ebffed3bc72eb507e73183009916b53103a5aadbb777d7b9619fe5f
05_LOSGO七折结构泛化数据/fold03_III_SemiRigid_16_18cmAC/qwen/refit_windows.csv,347568,7ea8896326807dbfcc9c307f900e32778e12940cf54e2d9fddcbad875ee25b6c
05_LOSGO七折结构泛化数据/fold03_III_SemiRigid_16_18cmAC/qwen/train_windows.csv,158427,034e5f9f7fae009addc299beea17f0923a5528e422101fc0c7270d354819e22a
05_LOSGO七折结构泛化数据/fold03_III_SemiRigid_16_18cmAC/qwen/v43_fold_manifest.json,1230,ebcd2884ed7443710e4daa335eb6f78cf3188b4c5d99d87c7f6ed3557e243422
05_LOSGO七折结构泛化数据/fold03_III_SemiRigid_16_18cmAC/updates/qwen_Q050_A1.csv,63178,3d83662de9edc1f204b3c9897b84eaba298a57995d43d06660cca6f29bdb9a92
05_LOSGO七折结构泛化数据/fold03_III_SemiRigid_16_18cmAC/updates/qwen_Q050_A1_states.csv,11824,a3b4c09ff784599b5c672ed16385bdd350c62d5f3a3a900c361662b02de7e082
05_LOSGO七折结构泛化数据/fold03_III_SemiRigid_16_18cmAC/updates/qwen_Q050_A2.csv,63791,b488ee23befd82f2a11a770624808f439c196da773a63a0839950b928f54ad95
05_LOSGO七折结构泛化数据/fold03_III_SemiRigid_16_18cmAC/updates/qwen_Q050_A2_states.csv,12006,a24367e027910add0b047fc24d9760a1cec16abb4431df19e3eb2f5761f0871f
05_LOSGO七折结构泛化数据/fold03_III_SemiRigid_16_18cmAC/updates/qwen_Q050_A3.csv,63682,bdc013a8bb55287077a3afafad62f7d90d9b0a9e330eb01761168ab0e06886d2
05_LOSGO七折结构泛化数据/fold03_III_SemiRigid_16_18cmAC/updates/qwen_Q050_A3_states.csv,12020,248fe4602f906e65b2442fa96c2190b303fbc2ce41dbb68686b7c0ac43a6b86a
05_LOSGO七折结构泛化数据/fold03_III_SemiRigid_16_18cmAC/updates/qwen_Q050_A4.csv,63047,fca2dfad5669de4c11ac8fc624b3df7ab21a79c5b31ccc8160b88744c9c47f11
05_LOSGO七折结构泛化数据/fold03_III_SemiRigid_16_18cmAC/updates/qwen_Q050_A4_states.csv,11674,9d098c4d08ff239887f9d0e894e244538bf8dda9e04b4a6240357219a2d44c78
05_LOSGO七折结构泛化数据/fold03_III_SemiRigid_16_18cmAC/updates/qwen_Q050_A5.csv,63376,0010d7c6cb284601154dee1891fe47d70a16bf3ed7d3b8372a9211b8ea8c6c75
05_LOSGO七折结构泛化数据/fold03_III_SemiRigid_16_18cmAC/updates/qwen_Q050_A5_states.csv,11885,57d00c6b8a8480039729b2d86c3acfbcd12239e9fdb2fbc10d88f56403b236c6
05_LOSGO七折结构泛化数据/fold04_IV_Inverted_24_28cmAC/qwen/dev_windows.csv,172184,3a0f5986cb09efff42a5d052aaa7dd82978f41a14c21a961b9ea092388db634f
05_LOSGO七折结构泛化数据/fold04_IV_Inverted_24_28cmAC/qwen/holdout_windows.csv,169833,9c2d9629c54aa90262afb0edb81c52ae0fdea8ab3ac62ba5d56bedfd18dd7b4d
05_LOSGO七折结构泛化数据/fold04_IV_Inverted_24_28cmAC/qwen/qwen_chronological_manifest.json,541,a0610a3a0c16ef22ab8dc086efbd70d2768dae3f2ac6929d9831423c9833a5cd
05_LOSGO七折结构泛化数据/fold04_IV_Inverted_24_28cmAC/qwen/qwen_dev_2018.jsonl,608046,c4d77d3216a7572ac90a2258a3ef9e627abf76fa8c65cff512b3b466e075ea86
05_LOSGO七折结构泛化数据/fold04_IV_Inverted_24_28cmAC/qwen/qwen_holdout_2019.jsonl,599051,ef7caea19e6fec18acbd42b7dd95672f88c75281682ec4237e0ab2f5a703a853
05_LOSGO七折结构泛化数据/fold04_IV_Inverted_24_28cmAC/qwen/qwen_refit_2016_2018.jsonl,1460658,9690e56929a7a253cfba250eb2c7ff1a17d1dfcf1126fadc2256b91d0f2805ab
05_LOSGO七折结构泛化数据/fold04_IV_Inverted_24_28cmAC/qwen/qwen_train_2016_2017.jsonl,654188,3ad6f9f8f73a3434fb325c0ed534fe890f0a8692a83ea1c02f2532367f9256eb
05_LOSGO七折结构泛化数据/fold04_IV_Inverted_24_28cmAC/qwen/refit_windows.csv,403138,ac484e414f82f84dd257d2c3fce147b562c8546616b113d518f06e4474be1652
05_LOSGO七折结构泛化数据/fold04_IV_Inverted_24_28cmAC/qwen/train_windows.csv,180479,8467bc97e99a4e3bbcfebdb8039915e783dd38c755f865e57e3ff49309b349b4
05_LOSGO七折结构泛化数据/fold04_IV_Inverted_24_28cmAC/qwen/v43_fold_manifest.json,1228,208724939c52c911dd955e99b530eb6ec8763ffc77fc4c9d8dbde7d198d2266c
05_LOSGO七折结构泛化数据/fold04_IV_Inverted_24_28cmAC/updates/qwen_Q050_A1.csv,71646,6154d1511ae0b0b269e8eb9293802e04991e9461a8b39c2290c18ab47d96d917
05_LOSGO七折结构泛化数据/fold04_IV_Inverted_24_28cmAC/updates/qwen_Q050_A1_states.csv,13313,49e585be08db860c0bf4c143ea595a49b121355189f13e086c0530560d56db53
05_LOSGO七折结构泛化数据/fold04_IV_Inverted_24_28cmAC/updates/qwen_Q050_A2.csv,70775,98e2a8309a2ff276b3a25d7998dcf9afd9c3f167e8ceb3212b5a63c3bcf68ce8
05_LOSGO七折结构泛化数据/fold04_IV_Inverted_24_28cmAC/updates/qwen_Q050_A2_states.csv,13131,9e227cdec72431f12b5f50233ddb714119768b37cfdcd114a43590d90affb560
05_LOSGO七折结构泛化数据/fold04_IV_Inverted_24_28cmAC/updates/qwen_Q050_A3.csv,71757,bd08bc45caaa6108bc801c0171a7816af383d8f8c321571ab8d270a9567199d0
05_LOSGO七折结构泛化数据/fold04_IV_Inverted_24_28cmAC/updates/qwen_Q050_A3_states.csv,13383,02d1ab662370e72ecf99fa1b9fa824b88676fc0a6af4ba43698772e6709b440f
05_LOSGO七折结构泛化数据/fold04_IV_Inverted_24_28cmAC/updates/qwen_Q050_A4.csv,71560,3ed458b756b4fdde06a86cc86c71125cc69b513c499fbac5a94c52dcd69fbc75
05_LOSGO七折结构泛化数据/fold04_IV_Inverted_24_28cmAC/updates/qwen_Q050_A4_states.csv,13328,b7d9ee4ae9b0182303863d2af87932bdcdbf75891bc2b627a531f8a17a05f53c
05_LOSGO七折结构泛化数据/fold04_IV_Inverted_24_28cmAC/updates/qwen_Q050_A5.csv,71736,4499d3488c48e5afb50946972b3cb6d53a6581afd80883212e32f1f2efd78c94
05_LOSGO七折结构泛化数据/fold04_IV_Inverted_24_28cmAC/updates/qwen_Q050_A5_states.csv,13437,6eabbd11afd5a2256c90640d47aa2281c45fd56e39914e973b5cae43b45c78b1
05_LOSGO七折结构泛化数据/fold05_V_ThickAC_I_24_28cm/qwen/dev_windows.csv,164536,191b71616500c4b8a649e1371dfb9c7077586bdfad1673b5f42285d6133a89f4
05_LOSGO七折结构泛化数据/fold05_V_ThickAC_I_24_28cm/qwen/holdout_windows.csv,159733,76fe8f713856d766ccc34e98c6db47c03e342ccb046e4621bc7d59bfd1ed96b2
05_LOSGO七折结构泛化数据/fold05_V_ThickAC_I_24_28cm/qwen/qwen_chronological_manifest.json,541,7edf7d50380a603dd1645dbbd44f3986178ae60fae45286e894f1d2a3392cc96
05_LOSGO七折结构泛化数据/fold05_V_ThickAC_I_24_28cm/qwen/qwen_dev_2018.jsonl,581263,19410910169794f14f8b3d5f13aa449e4f2bcfb524484ec14da0aeec1fed7122
05_LOSGO七折结构泛化数据/fold05_V_ThickAC_I_24_28cm/qwen/qwen_holdout_2019.jsonl,562914,327765944ce35698c30d0f1ffdcd5cd25cef76af656e2f28cc40cfeefd867a08
05_LOSGO七折结构泛化数据/fold05_V_ThickAC_I_24_28cm/qwen/qwen_refit_2016_2018.jsonl,1383354,7d1231de4a3311c4e8785837f712b75d3cb2e7c467f4ece2a1e2aeec6ae30c6d
05_LOSGO七折结构泛化数据/fold05_V_ThickAC_I_24_28cm/qwen/qwen_train_2016_2017.jsonl,615624,460b15860c8920ea1e98a885d5a726ceb9e6a15aca4d4bbb8b1d1de3c43ca16a
05_LOSGO七折结构泛化数据/fold05_V_ThickAC_I_24_28cm/qwen/refit_windows.csv,380992,dfaa2482d3637f974e7f9b07d87b40d212b32fc44c556e9addf27360add9cfe7
05_LOSGO七折结构泛化数据/fold05_V_ThickAC_I_24_28cm/qwen/train_windows.csv,169327,ef43ba88025b3a68f09624413affce8f5b3be98935560e999fd6505cfd093264
05_LOSGO七折结构泛化数据/fold05_V_ThickAC_I_24_28cm/qwen/v43_fold_manifest.json,1226,c6c018b5e81760cbeafa47cc7053f973b242055f7eedbfb3c635b6a3e24e4e15
05_LOSGO七折结构泛化数据/fold05_V_ThickAC_I_24_28cm/updates/qwen_Q050_A1.csv,67201,6e7102724a30ed652830bf3db2df94657958fdf4b4f2e30a27af4bf3b4e7c595
05_LOSGO七折结构泛化数据/fold05_V_ThickAC_I_24_28cm/updates/qwen_Q050_A1_states.csv,12528,04aa765d6336a48d62dbd0592b4ca08a6a867b11cac161ff2ea7802b6e715303
05_LOSGO七折结构泛化数据/fold05_V_ThickAC_I_24_28cm/updates/qwen_Q050_A2.csv,67397,46600b90a196314b80207343c5a09e4108ba42851c0ddaae65e91b8995e13b17
05_LOSGO七折结构泛化数据/fold05_V_ThickAC_I_24_28cm/updates/qwen_Q050_A2_states.csv,12547,bcb650b55b8990f521422d16d0c3195ec5983fef1e1f6d970dd7c448ea0fb1bc
05_LOSGO七折结构泛化数据/fold05_V_ThickAC_I_24_28cm/updates/qwen_Q050_A3.csv,66808,e677b730adf8504cc89ffe822791c4b6b3fff9cf070c16f6753f1d418af42128
05_LOSGO七折结构泛化数据/fold05_V_ThickAC_I_24_28cm/updates/qwen_Q050_A3_states.csv,12404,a9fcfb553d0495223e76ca88de63f8a3911fad3cddd76971fe5bba310dd7e915
05_LOSGO七折结构泛化数据/fold05_V_ThickAC_I_24_28cm/updates/qwen_Q050_A4.csv,67191,e62d30b0f1909fccf444d780e7ee1169948dbed6a52351eaaac29063cf61861d
05_LOSGO七折结构泛化数据/fold05_V_ThickAC_I_24_28cm/updates/qwen_Q050_A4_states.csv,12575,5fa8a518ac2e13cb3c0cbbc512675071be29955691594759d5daadda7894e8df
05_LOSGO七折结构泛化数据/fold05_V_ThickAC_I_24_28cm/updates/qwen_Q050_A5.csv,66912,7f6a916b23aa5d3b317cc413c7ee5b04a8808bcee6418f388e8b9d1d15fb2b64
05_LOSGO七折结构泛化数据/fold05_V_ThickAC_I_24_28cm/updates/qwen_Q050_A5_states.csv,12412,5265f9b504b6fd881beeffb83814804be0e4859965523993c37aad627f8d5d8b
05_LOSGO七折结构泛化数据/fold06_VI_ThickAC_II_36cm/qwen/dev_windows.csv,160585,45d2cb812f4e05e8df2d44dae1be2b37864eb793333c69cee2dcac53534e730a
05_LOSGO七折结构泛化数据/fold06_VI_ThickAC_II_36cm/qwen/holdout_windows.csv,159801,0f77e1422dbb082be0e8ccd02938a9c069ea902fbc8d61324459a6ba68b4cf5d
05_LOSGO七折结构泛化数据/fold06_VI_ThickAC_II_36cm/qwen/qwen_chronological_manifest.json,541,f275cb3b5af4dbdd578790a3f6308255ae0f790d190ce5127672f4e34d9191c3
05_LOSGO七折结构泛化数据/fold06_VI_ThickAC_II_36cm/qwen/qwen_dev_2018.jsonl,566696,71c40a98a54045d5d0ddfa7e01d0d6bcf5bc6edc7d6531fa38010713d1854fef
05_LOSGO七折结构泛化数据/fold06_VI_ThickAC_II_36cm/qwen/qwen_holdout_2019.jsonl,562897,e9900918d450aedcdbe35fa73ee8e1edd0258c74af8781f108c2e0f531099ff5
05_LOSGO七折结构泛化数据/fold06_VI_ThickAC_II_36cm/qwen/qwen_refit_2016_2018.jsonl,1368835,7142fb7d0bc639b3f61eddf523f94b93a0c47bff40c92f61b4e38db9f0f86d61
05_LOSGO七折结构泛化数据/fold06_VI_ThickAC_II_36cm/qwen/qwen_train_2016_2017.jsonl,615549,f4b8d1ccb0b8cb3145722d1a986bda4f9ca5038d01e43e06015cc325634cf6b9
05_LOSGO七折结构泛化数据/fold06_VI_ThickAC_II_36cm/qwen/refit_windows.csv,376952,0816734ddbd23b128f51d9fe3ff3de673fb67d7d46b4a7a31e8ec4e26cb6d562
05_LOSGO七折结构泛化数据/fold06_VI_ThickAC_II_36cm/qwen/train_windows.csv,169292,5d3361966b7f4193ff2d8129b9c5407445f75dfb62d2f5914938ac5c5a62cbb6
05_LOSGO七折结构泛化数据/fold06_VI_ThickAC_II_36cm/qwen/v43_fold_manifest.json,1225,712cfe2ccd627eaa1f4d43cabbc210ad51e3f852817037d90f8c472cf128109f
05_LOSGO七折结构泛化数据/fold06_VI_ThickAC_II_36cm/updates/qwen_Q050_A1.csv,66872,986acbe824182ba5b6b0baee6081c077b305b621d0a70882d4c13c6880b1458d
05_LOSGO七折结构泛化数据/fold06_VI_ThickAC_II_36cm/updates/qwen_Q050_A1_states.csv,12452,6355805807c5def5121221c7b208179870c97d484735eb23f0cd94c96606b60c
05_LOSGO七折结构泛化数据/fold06_VI_ThickAC_II_36cm/updates/qwen_Q050_A2.csv,67103,d01bccd705af5b22937c987d02c6917132e23fa0be24e9c5154d654f19146e4d
05_LOSGO七折结构泛化数据/fold06_VI_ThickAC_II_36cm/updates/qwen_Q050_A2_states.csv,12440,d0503b0cfd76c2e49735e19e048e7aed619d2f8aadd62079dae3af8d94a047ae
05_LOSGO七折结构泛化数据/fold06_VI_ThickAC_II_36cm/updates/qwen_Q050_A3.csv,67315,8b99b102f433414bf48d794344d3f1a6e7e7539526672b8588e474c3d1108c03
05_LOSGO七折结构泛化数据/fold06_VI_ThickAC_II_36cm/updates/qwen_Q050_A3_states.csv,12620,8e77a0f68cb395893d6cf72add799a7cf346db4e12c17141c3dad66487c6d5e6
05_LOSGO七折结构泛化数据/fold06_VI_ThickAC_II_36cm/updates/qwen_Q050_A4.csv,67193,fbcb5c1feebe54682946573d894a38caff0a4ac505fdae92cccf332c501c937b
05_LOSGO七折结构泛化数据/fold06_VI_ThickAC_II_36cm/updates/qwen_Q050_A4_states.csv,12534,6b5a8eb2e1fac0173ee372542617067e2593fb1b5dcfb33cc193b277c94c795e
05_LOSGO七折结构泛化数据/fold06_VI_ThickAC_II_36cm/updates/qwen_Q050_A5.csv,66701,557f467bd104bb8e08bce8f85f8b74d96c99fb5cb02d711d8d8d7a529e60c38d
05_LOSGO七折结构泛化数据/fold06_VI_ThickAC_II_36cm/updates/qwen_Q050_A5_states.csv,12446,ca3c1a626d52a2715b5cf63b03ab98349287ef56f7184b89d14817107f6b69c6
05_LOSGO七折结构泛化数据/fold07_VII_FullDepth_48_52cm/qwen/dev_windows.csv,172467,6629873812b946d0a71e66dd42c2a19cc98f6caae5feca5f595f007b4585009c
05_LOSGO七折结构泛化数据/fold07_VII_FullDepth_48_52cm/qwen/holdout_windows.csv,170723,0371772be371fa76073a9e309232dd2ccc13ba7686817f630349eeaa41f02f0b
05_LOSGO七折结构泛化数据/fold07_VII_FullDepth_48_52cm/qwen/qwen_chronological_manifest.json,541,a0610a3a0c16ef22ab8dc086efbd70d2768dae3f2ac6929d9831423c9833a5cd
05_LOSGO七折结构泛化数据/fold07_VII_FullDepth_48_52cm/qwen/qwen_dev_2018.jsonl,608139,d6106d4a19eeac75808db73674bcca1bdd3972ace7cd52ee1916053e559f21fe
05_LOSGO七折结构泛化数据/fold07_VII_FullDepth_48_52cm/qwen/qwen_holdout_2019.jsonl,599409,e1a678664a73f81ebc49f4ecc5a23f00b6e23b4b9b332ffa4472bfa34acbc635
05_LOSGO七折结构泛化数据/fold07_VII_FullDepth_48_52cm/qwen/qwen_refit_2016_2018.jsonl,1460477,389a39412c3b07826753ff782d28a2f8474fc9fa41cde6d43bef4a33b3221c55
05_LOSGO七折结构泛化数据/fold07_VII_FullDepth_48_52cm/qwen/qwen_train_2016_2017.jsonl,653956,4c3dee9ff5a39becb04dc16b7cea7d0d0f6ff53d8cc73b30fa24f2263b88a629
05_LOSGO七折结构泛化数据/fold07_VII_FullDepth_48_52cm/qwen/refit_windows.csv,402344,c3861dcdfc1008ac6a67d34a7d40a17e29e8b01baf2a0b5874cb80365438ae0a
05_LOSGO七折结构泛化数据/fold07_VII_FullDepth_48_52cm/qwen/train_windows.csv,179593,741a177b9206a3e90ffe1ad6ee65e5b6b06675cf420513c8104212bd75bdc6bf
05_LOSGO七折结构泛化数据/fold07_VII_FullDepth_48_52cm/qwen/v43_fold_manifest.json,1228,a034a64e5b512db61af61584ad9d0b16e92c33838230e5998e0e2d0a1a188ec2
05_LOSGO七折结构泛化数据/fold07_VII_FullDepth_48_52cm/updates/qwen_Q050_A1.csv,71650,58d6a5448ec0f91cc26fe3fb766faee335e654446b169f76f620a6c2795bcd0e
05_LOSGO七折结构泛化数据/fold07_VII_FullDepth_48_52cm/updates/qwen_Q050_A1_states.csv,13373,fb11f74ed1edc8bff5b153fdd8bd4248e5309a7d73d2ad222a3d0230a0f62c60
05_LOSGO七折结构泛化数据/fold07_VII_FullDepth_48_52cm/updates/qwen_Q050_A2.csv,71497,a0ee495f9852bc2f00433b0561799449f6062c9b0005a568a887ea5f968a9ee8
05_LOSGO七折结构泛化数据/fold07_VII_FullDepth_48_52cm/updates/qwen_Q050_A2_states.csv,13515,6506e55a9f759103166e728674c47b2ea9a6df56038935c8ddbd80078b17e96e
05_LOSGO七折结构泛化数据/fold07_VII_FullDepth_48_52cm/updates/qwen_Q050_A3.csv,71346,5dc7b3885a559bab1685bbfa1368732dd73e64ae5328bce0734d669c7c3f7934
05_LOSGO七折结构泛化数据/fold07_VII_FullDepth_48_52cm/updates/qwen_Q050_A3_states.csv,13270,d46df8675537dd617bcd06cc09589636bf3f7887b38fe49449ef6576d0b348af
05_LOSGO七折结构泛化数据/fold07_VII_FullDepth_48_52cm/updates/qwen_Q050_A4.csv,71987,0ba87251e113d4cba850c601a9497b7fac77e7530e1413be5176097fe756dd78
05_LOSGO七折结构泛化数据/fold07_VII_FullDepth_48_52cm/updates/qwen_Q050_A4_states.csv,13495,c59fec90e5b69555e467ee5fdcdd9299c0726efdff1e4cb6c44fb19f725bd1b4
05_LOSGO七折结构泛化数据/fold07_VII_FullDepth_48_52cm/updates/qwen_Q050_A5.csv,71579,396aef19fde6317fde6ede4c83c6881939ab03b2b2905b20d3d9728156e07e8f
05_LOSGO七折结构泛化数据/fold07_VII_FullDepth_48_52cm/updates/qwen_Q050_A5_states.csv,13381,7b84e5fc05db09a3cfd39013b6ab5eb0367890501ab6a60b19623cd52a5f514f
06_主代码入口/00_V31_一键完整流程_PyCharm.py,763,ed1b1369fcb84068c188cd12c78f4766df741422704c80c82f29e69d17e2d362
06_主代码入口/00A_V31_运行前检查_PyCharm.py,230,96a0fa85158f34f89caccf356cc422ca522b58580f6c504ad9b02f1ab2dd7e67
06_主代码入口/01_V31_构建母数据库_PyCharm.py,323,dc36378f20738e91a3da7e9d134eac075f22becf071aeb53852d56855776f999
06_主代码入口/02_V31_构建千问时序数据_PyCharm.py,354,d566b537cd5595186781a940963b87207f36e2124b1e93b2b44a5a2cc94963ec
06_主代码入口/03_V31_训练并重拟合千问_PyCharm.py,357,b5a0aad4bfad64e224c56b1be6f37af25e21a2d3e571163170e00d8071815d6b
06_主代码入口/04A_V31_训练TimeGAN与TimeWeaver基线_PyCharm.py,384,75fdf38755ac9e560fe7b398028ae3f5d17fb962a53a6afd39ff083aa237741e
06_主代码入口/04B_V31_生成器质量与可控性审计_PyCharm.py,356,594f097063ba671baafaf4b1095cd55c208b8a60d0e93fd5e8cfef68afe5dea3
06_主代码入口/04B_V32_generator_quality_reaudit_PyCharm.py,319,8a4db205e60ffec850e0a612c2eea31b84d2abb009a54fdb4bef00f8590491da
06_主代码入口/05_V31_TDR过拟合稳定性筛选_PyCharm.py,348,6d853b8044082885f61d1e9743a5a52fe9b92c59b6ee9cae7a82870d71c0ff00
06_主代码入口/06_V31_等预算真实模拟替代主实验_PyCharm.py,377,96f10ee18a2d8b411b1b58f5561315164de9e36e209b98689c50614a74a8ad85
06_主代码入口/07_V31_状态空间与模型容量边界_PyCharm.py,362,9c90ef7a2a12aeb49f8c890829493b7415ac8ec3bb7c143aba103f6b14c8e93e
06_主代码入口/07B_V32_recompute_state_support_PyCharm.py,308,f6f7fc246271af98c1c32178c8446720e3fe4484030abdeaa990129a1ebe8f8e
06_主代码入口/08_V31_稀疏监测与OpenLoop汇总_PyCharm.py,360,01badb4bd94b985b00e011c3e7785a23b5cf3fcf7ea07dbb3204a330e81d5967
06_主代码入口/09_V31_Cluster统计与论文主图_PyCharm.py,341,b0afb2ef8214ac0205e779c7ae56e063a58c3982240d42d4406d4bc40f55751e
06_主代码入口/09B_V32_recompute_contiguous_MSSR_PyCharm.py,294,f213f83385f0bb8370afa8143b3efd074817189e5f855bc2c2940b48199517fc
06_主代码入口/10_V40_MultiHorizon_OpenLoop_PyCharm.py,515,93f6c4ea665e19546daadc19e5b9a565118b6b70f28e1b160dba0f1606a79cf0
06_主代码入口/11_V41_Additive_Augmentation_PyCharm.py,411,02e0ffe6ca368a7aec965f09fa334cfcd3aa9fae7c699ff41c87cafcd2f0d5fe
06_主代码入口/12_V42_TDR_Qwen_Interaction_Validation_PyCharm.py,271,5a7b60ebb7f61cdbc10fa36d0acb10dd98e460d37684c720fd16df0e7765b12e
06_主代码入口/13_V431_LOSGO_ONECLICK_PyCharm.py,368,84dc6d846c1d089c60d37d2709531f4490649560fe7425d349ded22b590faf01
06_主代码入口/13_V43_LeaveOneStructureGroupOut_PyCharm.py,271,241acd4ce6c2ff11812fe83dca2b5d5fcd239339e5e3a94e7d506fecfb0dc6a8
07_核心源代码/first_model_TDR_PRSN/TDR_PRSN.py,146461,4ef7ff0d27e57b01e222f3bf893853ee2bca46f5773083f0ffcb8847eeb1a838
07_核心源代码/project_scripts/assemble_teacher_delivery_folder.py,5077,0fc8c24df71437e5d8c62481d2fe9664925e97c3c0e5fa357e5a86de9e69538a
07_核心源代码/project_scripts/build_teacher_handoff_audit.py,22930,157843d72ec5076e64c669ae8cc8b927cb21e2a73f3d07cc951757b8e3e8c863
07_核心源代码/project_scripts/insert_native_word_equations.py,8653,05c110ecdaf13e4a9b68082ec9f3a3cf799b605df5c2921ec2de480877580ed1
07_核心源代码/project_scripts/restructure_figure1_manuscript.py,6784,0611acd12cef1a005815589bd80ef33ca53ca5c2429eb39cb26da1151fc2a2d7
07_核心源代码/project_scripts/v31_baseline_models.py,5814,56c7b6f400b5cb990c3ebf696e801ff1a394252642cee3866fd9d16be1dd8e9e
07_核心源代码/project_scripts/v31_controllability.py,6112,e6b98cc79d0c0ad1b6add08cec36d939bdc41becc90c85dcf46aa276222b8065
07_核心源代码/project_scripts/v31_downstream_data.py,3570,98e788af8e6c805cac66de47b38d6e67e3ced7ca0f008db89c5919ded81c8985
07_核心源代码/project_scripts/v31_experiment_engine.py,10609,f73534babb0d592370ed8af48422682709024e3022acedcb60b22d4c6364de1b
07_核心源代码/project_scripts/v31_generation_eval.py,4225,7995731058f979d51c47c8e4f56ce5dc9791c14b9e50b5afc417d184c647a20d
07_核心源代码/project_scripts/v31_generator_arrays.py,3547,42c2885f2af1f3422db14d1a43577592473fb315e05002447f39c01810b0d573
07_核心源代码/project_scripts/v31_gru.py,5214,beaaf01e708694c2787a8ef99a0980c5d96557cb37ad0554cad28e5c405cf84d
07_核心源代码/project_scripts/v31_masked_generation.py,4894,8b38a3731e0470b7ada30e61dbd25e01f41ea99960ef7f57f078b5032956c505
07_核心源代码/project_scripts/v31_master_data.py,6454,826520150646d82ad436a4863e52ff29543c17e2a0f6968b3c383ec62dec33ac
07_核心源代码/project_scripts/v31_preflight.py,2436,85fff04676fbc4e6908f04992b7f9e2e686874db93a803aa4bbc52f955617de6
07_核心源代码/project_scripts/v31_protocol.py,2515,52dfe73a8afdff2d945b54e5bfa776db79f07369f50cd065a1bff84222819c11
07_核心源代码/project_scripts/v31_quality.py,5610,b37c18f4020e51ee188cce16059a2926c84d227c65f554ea0d910cf2a1d54f5d
07_核心源代码/project_scripts/v31_quality_audit.py,1846,78fd614784ad4f29c223923968b77df457ab86303bc3a453f140783ac70eb373
07_核心源代码/project_scripts/v31_qwen_data.py,2154,fcccab40d65b92a5e00430b52f47871b837476a6ed764ebed778f77050af40d3
07_核心源代码/project_scripts/v31_qwen_generate.py,7215,c4540f4897efb3d891d99d68c2c3ab9ec374fe5b72491db7279ce7dcc0e53eb4
07_核心源代码/project_scripts/v31_qwen_qc.py,2497,57bc4a81b5871aaf2de63a456c4895f4bcff3e7d3ed4c2caa2a841aba6782a01
07_核心源代码/project_scripts/v31_qwen_train.py,8784,d9d286a438e525f780e385af791e61aef00f7fd1a9fddbb8e2ff073c886c3cd2
07_核心源代码/project_scripts/v31_reporting.py,2255,4f8e3e094ed25ce4e938dd399bc97de96d7c3061f848f565b39aa506d20d2c6b
07_核心源代码/project_scripts/v31_sparse_eval.py,2079,a660951adc9368577fd6e366bb24c1e78474b5c549c18e18cc22128244b978bb
07_核心源代码/project_scripts/v31_sparse_monitoring.py,692,cf90dc44c8d5e30e48169392ecb0d627962fdba9697433075e6c885554cbacc7
07_核心源代码/project_scripts/v31_stages.py,27451,cd8166f882bd0b5f54b9f3cbd701929bc3d313476a50496bdf6ac4ad48432cd5
07_核心源代码/project_scripts/v31_state_features.py,2319,33b32222fb97e68a5c708156b5e4b930306d5576125f92c61efeb0c6347f6985
07_核心源代码/project_scripts/v31_state_space.py,3408,6890f1488987e3525f41d69ee2a4148f3d50275ce46a0c9b5fea335867d2c26b
07_核心源代码/project_scripts/v31_statistics.py,5296,e9032a8dcd1fca20b649368f9f5dc51f15a85cb03080b620bbb92eca58caa59d
07_核心源代码/project_scripts/v31_substitution.py,2748,b5d0bb5bf81ea16ae5b65e1933ec5ec7fb25919c3db8f20f8a33d3b577f06190
07_核心源代码/project_scripts/v31_synthetic_rows.py,2409,fdf68e4b49c3c863d2c9d1d8346c9906f9a487d185c911c9ff6eb2ba4fd2588b
07_核心源代码/project_scripts/v31_tdr.py,5880,75e8bc56c298359dc9f4f4d5153b9636e481a9542906908dfdea63091060d467
07_核心源代码/project_scripts/v31_timegan.py,4721,61499fd8cc313cb86faf524b3189c611dd2f9c3f4df339a2ba1b31d363203710
07_核心源代码/project_scripts/v31_timeweaver_lite.py,4344,555a880a504d07461dee5a04f1bf7dc83d971b0dc8981ce58f820c11140441da
07_核心源代码/project_scripts/v31_training.py,1404,d5fd8a8b85bbb00aad59180dd55c8ea9619b9812abb59f0f2ee77b08e16f34a6
07_核心源代码/project_scripts/v31_windows.py,5491,1e89184a5ba311b6222b76083f8087e1e9bdae9da44d3c5a4a15816b1172fd80
07_核心源代码/project_scripts/v32_reanalysis.py,9799,88b157f34ee1a2b24c261ff13c17adb10b0ba5ee3dae2958622323d32f7ae8b7
07_核心源代码/project_scripts/v40_audit.py,5774,83db8d5c3644a9dd75df5cbca58fdfe50098f4f14ca1eb2abc06b82c53e33c55
07_核心源代码/project_scripts/v40_benchmark.py,4868,b6496ab9d691c5f28df01904240cba876de9743a2fec81fd2fca1ba85707ac83
07_核心源代码/project_scripts/v40_checkpoint.py,3913,b6ccf7874f313e6627540fe349098226ff774294ca60e17d3f5a81c6bcdc02ea
07_核心源代码/project_scripts/v40_fidelity.py,5214,87013c6cf61af091c78766308ddee549e5fddd6685bd6d5477f7fe0f83d2a4a8
07_核心源代码/project_scripts/v40_metrics.py,8401,f63d19a678865225d71818aeeae55bb305f27f481d42c848741a6922c7b45ab3
07_核心源代码/project_scripts/v40_openloop.py,6165,bcc032aec306e628c63012c2fd0e2a8c10b2a9b1820e75a258828aaaba632856
07_核心源代码/project_scripts/v40_protocol.py,4416,7755e95d3e7f9434b61b8234bfcc3e89074be91520388d4925abf30550cf9afd
07_核心源代码/project_scripts/v40_refit.py,6084,b1158566e0aebc1c6994bc2d322ff6aa8f8eecce2555d6292bb25ec404611a9a
07_核心源代码/project_scripts/v40_stage10.py,25952,16082e36cc86296b42610a8beb7ef8e431e86e89979463dd06f923da22b338c1
07_核心源代码/project_scripts/v41_data.py,6544,a419d3b46cd4d6bee1988919af8dad7793f9c9f166eb5c96dabf5f57394e9930
07_核心源代码/project_scripts/v41_fixed_origin.py,4935,3804c825841b93100f4c0b9dfa6c3b5103811eb9bce0b34f073883782b803528
07_核心源代码/project_scripts/v41_metrics.py,11948,21c925ccceea072be41e38bbce43034acd6b2975afa14957d4a6ae4ded831ac1
07_核心源代码/project_scripts/v41_protocol.py,4758,cfeb80938f4db79aedb820450de096ad6304544a1aaf32d11f65c092522fdd44
07_核心源代码/project_scripts/v41_refit.py,5864,3841268c7d6e6aa8131cc618564f2fbf398aa44929fe922e48bc607b914d76dd
07_核心源代码/project_scripts/v41_stage11.py,30867,8b535a0ec229e2c4837798610bde127231e7d7ecf63a9b0783905d059657eb56
07_核心源代码/project_scripts/v42_analysis.py,6517,69a25d0b743bb85f48580eb8342c2cc0ab1e24266d2a29c56568817606d60719
07_核心源代码/project_scripts/v42_checkpoint.py,3728,60b0d5c0ff9c63c63a3b4752cf7f3b11df0bad6598f18c4a4897b8b8f49f50a3
07_核心源代码/project_scripts/v42_fit.py,4381,d02cc61df5e34a86f68056f7fa9b739e502e724c5227aefc9aef45a7e7927587
07_核心源代码/project_scripts/v42_protocol.py,6151,d6c23f6b29843eef746ac859e18464c08e1f684921c5c29bb560a1e9b3c07852
07_核心源代码/project_scripts/v42_stage12.py,12960,24323050a2b01cb054a22289872df204d9fc9a40de37bf0d0bf994a0a54c1823
07_核心源代码/project_scripts/v431_stage13_oneclick.py,12521,ff7bf93e2bd2defdade13ce3f06b7a9d7cb55ff6095ad437d5c44d9f74a530aa
07_核心源代码/project_scripts/v43_checkpoint.py,2875,187ecb5b2b4a1ac666138f1cbf85b29ed919969b34cb548d0277ad8bd019018e
07_核心源代码/project_scripts/v43_data.py,5612,919c966a8890d18f9ceac31e3f80cd40a5cd8625d1e685f32c6b93efc7954df3
07_核心源代码/project_scripts/v43_eval.py,7024,b229a44227e82fd3b9229ec23607020d34457a5bf8636e2e9feb63b0ef8fe291
07_核心源代码/project_scripts/v43_fit.py,6423,cec4a0458e8d9a82a1b0b11056d7c86f5d4ebc90a64f200ba15cbc5f3f4593fe
07_核心源代码/project_scripts/v43_protocol.py,6280,d22480353b45fd736d069550a0f66bdc3d71d692f088f2e2ae4899ce95535af3
07_核心源代码/project_scripts/v43_qwen.py,8722,6fa6d3f02ff4fc950707d0635d9ad889a3013d4daa81abc49dc797e25d10b4d8
07_核心源代码/project_scripts/v43_stage13.py,23688,92d9f78c9099711bc4cd59f6484edd5c60da23f31384f516493920e960e2f897
08_环境协议与测试/config/v31_frozen_protocol.json,962,0b0320e144f5610ffad3a9914136df86a02e4b7dca3bbf64f9d2b9c8fc628565
08_环境协议与测试/environment_qwen_tdr_v31.yml,458,64e43721b2aa85e5948c62cd2664d034e5299578358d6901c4d1bf67fe2f8632
08_环境协议与测试/README_V3.1_#U5b8c#U6574#U8fd0#U884c#U8bf4#U660e.md,10297,231708ca70043183e3660c6df57715aff1b55d5c899f1551698e7998743a6a68
08_环境协议与测试/requirements_v31.txt,251,7934df61e46de26dfbec03010f84ff8f78d2482829e2d4a6e7bde83cbb0c92f1
08_环境协议与测试/tests/conftest.py,165,7bd7d6bacbdbab0978e4bf210a2cd8ac8bc44eb7092b92e68e569556807fbd04
08_环境协议与测试/tests/test_v31_core.py,37807,2cfaf657af3974a3fa142faf1e60d26cfa014c6a2cb1682597b6c9148846b5f6
08_环境协议与测试/tests/test_v31_generators.py,2874,13354d471a17d79c946d50291bfe51bd4580601764b13b983c55b952074ebc7d
08_环境协议与测试/tests/test_v40_audit.py,4846,43f7e0411708618da916fd0427e9f475696184290f2625bd2e8810a6ebbc7601
08_环境协议与测试/tests/test_v40_benchmark.py,1906,f48f9643f793b865e952586ca7c04f2a8d5285d2ecd4504212db8aeb37d287d5
08_环境协议与测试/tests/test_v40_checkpoint.py,2924,dd471c09594ed0784d6e7c3d328979a27b6d61f86d713cce6e015f1225f39de2
08_环境协议与测试/tests/test_v40_fidelity.py,2848,c0bf7eed3238324d6e1e87c0ffe556140d677e4ec0d2ebf0525b07c66ad75aee
08_环境协议与测试/tests/test_v40_metrics.py,2742,18630064ac5cffc136a98bd42e7bdf38b6c781d29c99904e1f841f3efc0fc785
08_环境协议与测试/tests/test_v40_openloop.py,2609,6faa5ca643b5a5101b589ca701225a16ba4fc0ba6c2ef45ff43fa56582a5def1
08_环境协议与测试/tests/test_v40_protocol.py,1378,96bab908d5d3ef83f9cec8a8fd3b58138d896e5eaaaac05da3f6d0d7019c19d1
08_环境协议与测试/tests/test_v40_stage10.py,5216,0954988a576de67c20bd94cf6263eb3fadf6ef67884dda51ac63817c6de7bafb
08_环境协议与测试/tests/test_v41_data.py,4687,492721477d0e16d4ca6048c7f20e9ba7adc3f57b7c5d1324ebeb50d13284955a
08_环境协议与测试/tests/test_v41_fixed_origin.py,3670,03bb825c3aceac5fdc692a2802ef3bbf40b9d50105224627acdac3bcbcdae8e1
08_环境协议与测试/tests/test_v41_metrics.py,5154,9907403e72ccc5c083b2515bcddc72d94ae0744fd152ea55d8866885628c6bca
08_环境协议与测试/tests/test_v41_protocol.py,2254,532f6605b750e59e3aee07f59f17b6879bb6dc9517cb5441705df498b2854539
08_环境协议与测试/tests/test_v41_refit.py,4034,0a73ec8a8fbf557ef954bcd7325d39843cf4d242c4b70e5742e00f5f7e308006
08_环境协议与测试/tests/test_v41_stage11.py,3285,071f21163f737d93eee12bc2b43080675cfbf3b0809543fd8d23ba8aea9dbcf3
08_环境协议与测试/tests/test_v42_analysis.py,2985,2c39e0a1d8c5d256f976dcd86e850ce1809c6f05a188172816e5726c5d321f16
08_环境协议与测试/tests/test_v42_checkpoint.py,1311,7caa8b3c672273ffcc32601c60eabfaf461d74601b0d06a8d6a69d4b0b3c6199
08_环境协议与测试/tests/test_v42_fit.py,1239,e98c2a79a13c32d3d4774b26d406ca5f0f5c80632f1766e4c06896e10473f3fd
08_环境协议与测试/tests/test_v42_protocol.py,1885,3adbf36825131960ec92ddbe2352b61395cdbb28d9835fcd9bfa9b35afae5cf2
08_环境协议与测试/tests/test_v42_stage12.py,1474,cadc278cb3aa6c9a71685556743798f98ee907357f7d114ea75c6040cf59055f
08_环境协议与测试/tests/test_v42_tdr_variant.py,1553,5135cbcc33769c37c67d7bd93320aa7800f705cb7c99f8f3d91647beeec44e52
08_环境协议与测试/tests/test_v431_oneclick.py,6201,82b1045f84e79d395020529af921c25c23232d141e96221fe5b191900c7b1040
08_环境协议与测试/tests/test_v43_data.py,3561,83eb209dc4c3f768a390fcb6fff7efa79b8413efd013d1201accd5b169b2810e
08_环境协议与测试/tests/test_v43_eval.py,3669,23ffaaa26f59bfbf437fc78a83cff3f7e067ba126bef96088d8580b5c87687b7
08_环境协议与测试/tests/test_v43_fit.py,3547,92a6abaff6ecf23abe21088367f988f9549dc66bb962d72e8a964fa745bfaaf8
08_环境协议与测试/tests/test_v43_protocol.py,2032,856a4f6ed8a04a058185657b87acb72ebe599c2b1a070e4e1b7084a263efdc8f
08_环境协议与测试/tests/test_v43_qwen.py,3637,fedf70ab08d763cd5a4dc85d31736fec036aa33ed16c5fa8822145a84a39a876
08_环境协议与测试/tests/test_v43_stage13.py,3051,5f75343be9c719f01d3dbab59f5a841c9a71bed21c98b754b8c26796ba51ce71
08_环境协议与测试/V3.1_Final_Experimental_Protocol_20260814.md,27206,8a090a67319ef2449dbc2ac678169968a6d7ba76826039067d363e6b68c39ede
08_环境协议与测试/V4.0_FROZEN_PROTOCOL.md,10366,f3f62ec3e7ce7e6e55c413e543a3c30e0f648a165a885b29fa027cce73f16e34
08_环境协议与测试/V4.1_STAGE11_FROZEN_PROTOCOL.md,5856,16dc3d120b97bde04758b379d22e1492d6d1890f68b1f215430ead23b5ad082e
08_环境协议与测试/V4.2_STAGE12_POSTHOC_PROTOCOL.md,2523,1b96e0131e318cbd455f4c3854b71473baf6ea30bad626d86108a4728a68ce07
08_环境协议与测试/V4.3_STAGE13_STRUCTURAL_OOD_PROTOCOL.md,5320,e61accce9ad2a9354ac997a9ad4aa976a229fd25ad81d47af2b0a4db4558e13b
09_Qwen微调讲解与模型文件/00_给老师讲解顺序.md,3556,6cc211f9339933f7e16094c862f5a11f618ef242da2822f4245bf0ee2e95ddbd
09_Qwen微调讲解与模型文件/01_微调流程与数据划分.md,2004,54b65c7f7306bb63180cc983afd113b28cbe1bc7c0dc295d24dbedfced22f77e
09_Qwen微调讲解与模型文件/02_输入输出字段说明.md,1976,2964c9d2eeaddabfaeed9bee9e337dea9b9f149799e450c80659ac03a3c5535d
09_Qwen微调讲解与模型文件/03_训练验证保留集与下游测试的区别.md,1741,846c1dc754162257c963ebb4443cfb9e93a4559ccf94a2ad82436d9ece7981e3
09_Qwen微调讲解与模型文件/04_代码入口与逐文件职责.md,1941,27e8b34e5f513893e214c9aecb48ce0c60fb62c9d89513ab72e5328f4b281cc7
09_Qwen微调讲解与模型文件/05_运行与复现说明.md,1698,e89abe3a97a60c72d7da4a0f412e1823f62867883cf9558bb76eb981f320d33e
09_Qwen微调讲解与模型文件/06_老师可能追问的问题.md,2668,0d2d8c14cfe7f1eaf7734daedb8d998a4be8128816fb9279695d04bf6f66bac1
09_Qwen微调讲解与模型文件/07_真实输入输出样例/SFT完整样例.json,2473,9cbc42ef7680c00f8d491b2aa72fedf909760b5ebfd8c56182de461ca9e1bc6d
09_Qwen微调讲解与模型文件/07_真实输入输出样例/样例metadata.json,136,8d2047938adafa5a480d1e29c2bb89db1998323afd999e164f589f9a0abfab21
09_Qwen微调讲解与模型文件/07_真实输入输出样例/样例说明.md,665,777c572c21a3ad5bd13a1eb1307618f1f7eea22ffbf9ebd145931901776f455f
09_Qwen微调讲解与模型文件/07_真实输入输出样例/模型输入_user.json,2296,6cd7695856c896b2c7e9c084a231f27c85f41a95d47ae3a582f021e5dc813506
09_Qwen微调讲解与模型文件/07_真实输入输出样例/监督输出_assistant.json,105,7235d6a23b8b7187b73aaaabd66b8ce0dde877ae2de61be0ddb151f549a6f711
09_Qwen微调讲解与模型文件/07_真实输入输出样例/输入输出字段词典.csv,849,6796b0caab5582b71d7459ceb235ad79f04bb5096051174222984da2c54b3d05
09_Qwen微调讲解与模型文件/08_微调与生成源代码/02_V31_构建千问时序数据_PyCharm.py,354,d566b537cd5595186781a940963b87207f36e2124b1e93b2b44a5a2cc94963ec
09_Qwen微调讲解与模型文件/08_微调与生成源代码/03_V31_训练并重拟合千问_PyCharm.py,357,b5a0aad4bfad64e224c56b1be6f37af25e21a2d3e571163170e00d8071815d6b
09_Qwen微调讲解与模型文件/08_微调与生成源代码/04B_V31_生成器质量与可控性审计_PyCharm.py,356,594f097063ba671baafaf4b1095cd55c208b8a60d0e93fd5e8cfef68afe5dea3
09_Qwen微调讲解与模型文件/08_微调与生成源代码/v31_generation_eval.py,4225,7995731058f979d51c47c8e4f56ce5dc9791c14b9e50b5afc417d184c647a20d
09_Qwen微调讲解与模型文件/08_微调与生成源代码/v31_masked_generation.py,4894,8b38a3731e0470b7ada30e61dbd25e01f41ea99960ef7f57f078b5032956c505
09_Qwen微调讲解与模型文件/08_微调与生成源代码/v31_master_data.py,6454,826520150646d82ad436a4863e52ff29543c17e2a0f6968b3c383ec62dec33ac
09_Qwen微调讲解与模型文件/08_微调与生成源代码/v31_preflight.py,2436,85fff04676fbc4e6908f04992b7f9e2e686874db93a803aa4bbc52f955617de6
09_Qwen微调讲解与模型文件/08_微调与生成源代码/v31_protocol.py,2515,52dfe73a8afdff2d945b54e5bfa776db79f07369f50cd065a1bff84222819c11
09_Qwen微调讲解与模型文件/08_微调与生成源代码/v31_quality.py,5610,b37c18f4020e51ee188cce16059a2926c84d227c65f554ea0d910cf2a1d54f5d
09_Qwen微调讲解与模型文件/08_微调与生成源代码/v31_qwen_data.py,2154,fcccab40d65b92a5e00430b52f47871b837476a6ed764ebed778f77050af40d3
09_Qwen微调讲解与模型文件/08_微调与生成源代码/v31_qwen_generate.py,7215,c4540f4897efb3d891d99d68c2c3ab9ec374fe5b72491db7279ce7dcc0e53eb4
09_Qwen微调讲解与模型文件/08_微调与生成源代码/v31_qwen_qc.py,2497,57bc4a81b5871aaf2de63a456c4895f4bcff3e7d3ed4c2caa2a841aba6782a01
09_Qwen微调讲解与模型文件/08_微调与生成源代码/v31_qwen_train.py,8784,d9d286a438e525f780e385af791e61aef00f7fd1a9fddbb8e2ff073c886c3cd2
09_Qwen微调讲解与模型文件/08_微调与生成源代码/v31_stages.py,27451,cd8166f882bd0b5f54b9f3cbd701929bc3d313476a50496bdf6ac4ad48432cd5
09_Qwen微调讲解与模型文件/08_微调与生成源代码/v31_windows.py,5491,1e89184a5ba311b6222b76083f8087e1e9bdae9da44d3c5a4a15816b1172fd80
09_Qwen微调讲解与模型文件/09_训练记录与LoRA适配器/models_v31_qwen/refit/history.json,107,30af722e0670f1d13f07fa56990d0cad32bfa517678c43d75e1b8c29a0954d9c
09_Qwen微调讲解与模型文件/09_训练记录与LoRA适配器/models_v31_qwen/refit/refit_adapter/adapter_config.json,1309,b6405dffbf6fc018835a5f2dd9f6556e23388e6f7567114144cf044ea3dc4639
09_Qwen微调讲解与模型文件/09_训练记录与LoRA适配器/models_v31_qwen/refit/refit_adapter/adapter_model.safetensors,102634192,e61abe784f0793017b339da62cc5e5ddb5f19708e335d4cc67e8c1285465af76
09_Qwen微调讲解与模型文件/09_训练记录与LoRA适配器/models_v31_qwen/refit/refit_adapter/chat_template.jinja,7909,a92e1dd97cb1cb175c9b70c0828e146bea4371c2643319b661b777e89811972e
09_Qwen微调讲解与模型文件/09_训练记录与LoRA适配器/models_v31_qwen/refit/refit_adapter/processor_config.json,1251,f196d5698d1771c734bb3a24bd658ba75536fc4feafc5b83c035b7693511a2db
09_Qwen微调讲解与模型文件/09_训练记录与LoRA适配器/models_v31_qwen/refit/refit_adapter/README.md,5200,f736331d117a994f4482888b67ab14e0172bc41035964f7ae33b6ccda282cc59
09_Qwen微调讲解与模型文件/09_训练记录与LoRA适配器/models_v31_qwen/refit/refit_adapter/tokenizer.json,19989343,87a7830d63fcf43bf241c3c5242e96e62dd3fdc29224ca26fed8ea333db72de4
09_Qwen微调讲解与模型文件/09_训练记录与LoRA适配器/models_v31_qwen/refit/refit_adapter/tokenizer_config.json,1171,cab31eeb28e731839c7b97370197ae2913cb3b744890f86407c993b4d2531178
09_Qwen微调讲解与模型文件/09_训练记录与LoRA适配器/models_v31_qwen/selection/best_adapter/adapter_config.json,1309,b6405dffbf6fc018835a5f2dd9f6556e23388e6f7567114144cf044ea3dc4639
09_Qwen微调讲解与模型文件/09_训练记录与LoRA适配器/models_v31_qwen/selection/best_adapter/adapter_model.safetensors,102634192,813329f3c29040a4ffb0c6611f76bb5dca95f77c65d48ae9dca650145d439c8e
09_Qwen微调讲解与模型文件/09_训练记录与LoRA适配器/models_v31_qwen/selection/best_adapter/chat_template.jinja,7909,a92e1dd97cb1cb175c9b70c0828e146bea4371c2643319b661b777e89811972e
09_Qwen微调讲解与模型文件/09_训练记录与LoRA适配器/models_v31_qwen/selection/best_adapter/processor_config.json,1251,f196d5698d1771c734bb3a24bd658ba75536fc4feafc5b83c035b7693511a2db
09_Qwen微调讲解与模型文件/09_训练记录与LoRA适配器/models_v31_qwen/selection/best_adapter/README.md,5200,f736331d117a994f4482888b67ab14e0172bc41035964f7ae33b6ccda282cc59
09_Qwen微调讲解与模型文件/09_训练记录与LoRA适配器/models_v31_qwen/selection/best_adapter/tokenizer.json,19989343,87a7830d63fcf43bf241c3c5242e96e62dd3fdc29224ca26fed8ea333db72de4
09_Qwen微调讲解与模型文件/09_训练记录与LoRA适配器/models_v31_qwen/selection/best_adapter/tokenizer_config.json,1171,cab31eeb28e731839c7b97370197ae2913cb3b744890f86407c993b4d2531178
09_Qwen微调讲解与模型文件/09_训练记录与LoRA适配器/models_v31_qwen/selection/history.json,315,2b41a69522622a748ff58063c85a51ad2d162eca2ffbe3895965c51c530e4ad1
09_Qwen微调讲解与模型文件/09_训练记录与LoRA适配器/training_manifest.json,1012,7b63ee34a7a82f03c2ddcaed4ca1b3df1d02799fb3ff446463eee91b26e41e24
09_Qwen微调讲解与模型文件/10_2019保留集生成器评价/all_generator_summaries.json,7320,4377be481890c860d6f0cd0e5576b86b65f7c2448a23f2e5572516e4c38ea70d
09_Qwen微调讲解与模型文件/10_2019保留集生成器评价/Base_Qwen_conditional_controllability.csv,5,f01a374e9c81e3db89b3a42940c4d6a5447684986a1296e42bf13f196eed6295
09_Qwen微调讲解与模型文件/10_2019保留集生成器评价/Base_Qwen_conditional_controllability.json,136,261face127beb55df907723dcaf985e61132d581786db6300e41e2c4d060a219
09_Qwen微调讲解与模型文件/10_2019保留集生成器评价/Base_Qwen_memorization.json,60,be1db025a7b851d3e901f25a78b888843d374ec91ef3862d4d328aefa34b3272
09_Qwen微调讲解与模型文件/10_2019保留集生成器评价/Base_Qwen_memorization.npz,406,347b7aeaa79e8a216bd601fcd794a1c73cfa1b56b6529d47257e0c62eff24b21
09_Qwen微调讲解与模型文件/10_2019保留集生成器评价/Base_Qwen_summary.json,125,a633f68894567056688bc424f63cbc66add3878bb2a100697987f4fa494e4166
09_Qwen微调讲解与模型文件/10_2019保留集生成器评价/Base_Qwen_window_metrics.csv,15033,36bf05fac97aa2f6a12a46e0e685257b908686acc17e1359d5931ed89ecbd75d
09_Qwen微调讲解与模型文件/10_2019保留集生成器评价/FT_Qwen_conditional_controllability.csv,3404,3f4a2b4838a49164151c2437a9ea0f851a742ca6fedd71c3a4652d6ea4b51404
09_Qwen微调讲解与模型文件/10_2019保留集生成器评价/FT_Qwen_conditional_controllability.json,1089,958372137cd5294a80cd2e8789bce7ecdbb65399503b2c25f3f626e81f22794b
09_Qwen微调讲解与模型文件/10_2019保留集生成器评价/FT_Qwen_memorization.json,75,6c3341fdd26e7fd58281d797d07dec3d937a2da672af62146cc9480480de6cc4
09_Qwen微调讲解与模型文件/10_2019保留集生成器评价/FT_Qwen_memorization.npz,3329,ee28e1bf4195603f934e3f8ac54fff28e7ceb06a2be14640a756c99a4f2075fb
09_Qwen微调讲解与模型文件/10_2019保留集生成器评价/FT_Qwen_QC_conditional_controllability.csv,8586,cf8e9422f356835aec36811b64bfacff974afd5c813ddabc284b4ca175c34558
09_Qwen微调讲解与模型文件/10_2019保留集生成器评价/FT_Qwen_QC_conditional_controllability.json,1080,a58e1f8f058df1a8b86340d04038751e821eb4b407be6e0f6eeb5bdb90388a7d
09_Qwen微调讲解与模型文件/10_2019保留集生成器评价/FT_Qwen_QC_memorization.json,75,6c3341fdd26e7fd58281d797d07dec3d937a2da672af62146cc9480480de6cc4
09_Qwen微调讲解与模型文件/10_2019保留集生成器评价/FT_Qwen_QC_memorization.npz,4379,7c023356314bfce5b53d2358c41000422b755e3f2a3abb01db1b71cdf7792645
09_Qwen微调讲解与模型文件/10_2019保留集生成器评价/FT_Qwen_QC_summary.json,460,c2bebbb9f0e66600061c9349fb38c95387844a6a5fd7096c81146b9ecafee948
09_Qwen微调讲解与模型文件/10_2019保留集生成器评价/FT_Qwen_QC_window_metrics.csv,12588,7574597ac508ab157a0e2cd594d74284615dda39739ea254c3a809a9e7e78136
09_Qwen微调讲解与模型文件/10_2019保留集生成器评价/FT_Qwen_summary.json,466,659d6f3ffc94e98bfff194b6a1d7f9f45d996cdf8f392fcff1ac84d450e6b9ad
09_Qwen微调讲解与模型文件/10_2019保留集生成器评价/FT_Qwen_window_metrics.csv,13279,e5e283753a3f1933f44ba64e13074bcc4564ac9316d6c2b3b0637168543e6f3f
09_Qwen微调讲解与模型文件/10_2019保留集生成器评价/qwen_data_summary.json,339,797c4677650d5e1015556d0905b1894074a1c38f98a17043915d65925d3249d4
09_Qwen微调讲解与模型文件/11_运行环境与配置/environment_qwen_tdr_v31.yml,458,64e43721b2aa85e5948c62cd2664d034e5299578358d6901c4d1bf67fe2f8632
09_Qwen微调讲解与模型文件/11_运行环境与配置/requirements_v31.txt,251,7934df61e46de26dfbec03010f84ff8f78d2482829e2d4a6e7bde83cbb0c92f1
09_Qwen微调讲解与模型文件/11_运行环境与配置/v31_frozen_protocol.json,962,0b0320e144f5610ffad3a9914136df86a02e4b7dca3bbf64f9d2b9c8fc628565
09_Qwen微调讲解与模型文件/代码函数对应表.csv,978,63b988421a7c383afa8a93bd9bbd2f495ab6b83a084c1921453c0e5d554408ff
README_先读我_数据与代码说明.md,6358,36e035012b20ef3b929b3fb33c40a8a7be76de4671002408fb2513ff983ce760
